,Compound Score,Negative Score,Neutral Score,News Organization,Positive Score,Tweet,Tweet Number
0,0.6915,0.0,0.56,@BBC,0.44,"RT @BBCOne: SO. MUCH. CUTE. üòç
#AttenboroughandtheGiantElephant https://t.co/4UyVvh6qBm",0
1,0.0,0.0,1.0,@BBC,0.0,RT @BBCEarth: 'Never before have we had such an awareness of what we are doing to the planet and never before have we had the power to do s‚Ä¶,1
2,0.4391,0.0,0.855,@BBC,0.145,"üåπ@DuaLipa performing 'Homesick' was a completely stunning way to end this series of #SLFN. üíñ
Watch in full üëâ‚Ä¶ https://t.co/LgMlMfnv7F",2
3,-0.3818,0.126,0.874,@BBC,0.0,"RT @BBCEarth: 'What shocks me ...is how fast things are changing here. We‚Äôre headed into uncharted territory' - @expeditionlog
#BluePlanet2‚Ä¶",3
4,0.0,0.0,1.0,@BBC,0.0,"RT @BBCOne: If we don‚Äôt act, coral reefs could be gone by the end of this century. üò¢ #BluePlanet2 https://t.co/OdOSKBtz0S",4
5,0.0,0.0,1.0,@BBC,0.0,"RT @BBCEarth: In 1986, many nations decided to end commercial whaling, and fishermen are now reporting pods of whales with numbers never se‚Ä¶",5
6,0.0,0.0,1.0,@BBC,0.0,"Little things can make a big difference.
#BluePlanet2 via @BBCEarth https://t.co/hyzwA06cNw",6
7,-0.5574,0.231,0.769,@BBC,0.0,"RT @BBCSpringwatch: Manmade materials are destroying #OurBluePlanet - this is how
#BluePlanet2 
https://t.co/sEccQzjv1r https://t.co/7ZmDOz‚Ä¶",7
8,-0.836,0.283,0.717,@BBC,0.0,"RT @BBCEarth: It‚Äôs estimated that tens of millions of sharks are killed each year from getting trapped in fishing nets
#BluePlanet2 https:/‚Ä¶",8
9,0.0,0.0,1.0,@BBC,0.0,RT @BBCOne: These are *all* items regurgitated by birds. üò• #BluePlanet2 https://t.co/WyFtZHjKjx,9
10,0.4019,0.0,0.87,@BBC,0.13,"RT @BBCOne: Our rubbish, our responsibility. ‚úä #BluePlanet2 

Find out more about what you can do to help: https://t.co/LiA3x5I2gk. https:/‚Ä¶",10
11,0.9169,0.0,0.482,@BBC,0.518,Eight delightful dolphin photos that'll inspire you to help clean up our oceans. #BluePlanet2 üê¨‚ù§Ô∏èÔ∏è‚Ä¶ https://t.co/PP5l7QrqFP,11
12,0.0,0.0,1.0,@BBC,0.0,"RT @BBCEarth: ‚ÄòWe‚Äôre only now beginning to realise what an impact noise is having on the inhabitants of the ocean‚Äô ‚Äì David Attenborough
#Bl‚Ä¶",12
13,-0.5267,0.152,0.848,@BBC,0.0,"RT @BBCOne: ""The oceans are under threat now as never ever before in human history."" - Sir David Attenborough. #BluePlanet2 https://t.co/yn‚Ä¶",13
14,0.0,0.0,1.0,@BBC,0.0,"RT @BBCEarth: The countdown is on! The final episode of #BluePlanet2: Our Blue Planet starts 8pm GMT on @BBCOne, BBC Earth Nordics &amp; @BBCEa‚Ä¶",14
15,0.5106,0.0,0.837,@BBC,0.163,"RT @BBCSpringwatch: Seven British conservation heroes you should know about - this lot deserve endless üëèüèΩüëèüèΩ
#BluePlanet2 #OurBluePlanet 
ht‚Ä¶",15
16,0.7096,0.0,0.604,@BBC,0.396,"'Good luck, little leatherback' - Sir David Attenborough üê¢

#BluePlanet2 | 8PM | @BBCOne https://t.co/vMliWBZFBE",16
17,-0.1803,0.213,0.602,@BBC,0.185,"'There's a huge bomb up there. I'm 76% sure. It's not like the penguin hostage situation.' üêßüòÇ
#ScotSquad via‚Ä¶ https://t.co/x8I92iMImk",17
18,0.6249,0.0,0.797,@BBC,0.203,Miles of cable and thousands of twinkling bulbs have been used to create the longest festive tunnel of light in Eur‚Ä¶ https://t.co/C22wpljo2u,18
19,0.5574,0.0,0.816,@BBC,0.184,"Tonight, David Attenborough investigates the remarkable story of Jumbo the elephant. Attenborough and the Giant Ele‚Ä¶ https://t.co/4NK1B5ZNwr",19
20,0.5719,0.0,0.73,@BBC,0.27,"98-year-old Mary wins Christmas, and our hearts. üéÅ‚ù§Ô∏èÔ∏è
Via @BBCLookNorth. https://t.co/4gOl16THuM",20
21,-0.2263,0.137,0.863,@BBC,0.0,RT @BBCTwo: Who wants a Sneaky Peak at the next episode of #PeakyBlinders? üò± https://t.co/tzCB83ceSS,21
22,0.8765,0.116,0.555,@BBC,0.329,"RT @bbcstories: ""I think people my age think that death is something to be scared of but I think it's like being free and at peace"" - Meet‚Ä¶",22
23,0.0,0.0,1.0,@BBC,0.0,üìª How to deal with mental health issues in the family. https://t.co/48BOLabkXK https://t.co/7Eh3EjYywg,23
24,0.25,0.0,0.9,@BBC,0.1,This 12-year-old has created a cheap way to test lead levels in water using a mobile phone app. üö∞üì±Via @BBCClick. https://t.co/TWqttOHJX3,24
25,0.5279,0.0,0.86,@BBC,0.14,üìûüëΩ We've been listening for signs of life from other worlds for decades with little success. But what should we do‚Ä¶ https://t.co/e3IETfS8cs,25
26,0.4588,0.0,0.864,@BBC,0.136,Thousands of internet users have come together to buy this stunning castle... although it does need a little TLC. üè∞‚Ä¶ https://t.co/qhkNd4HyM5,26
27,0.0,0.0,1.0,@BBC,0.0,"That was unexpected. üòÇ

Michael McIntyre's Big Show via @BBCOne. https://t.co/2QUZXppIbQ",27
28,0.3595,0.0,0.878,@BBC,0.122,#SkiSunday is back! ‚õ∑üéø Join the team in Val D'Isere for the men's slalom. 5:15pm on @BBCTwo. https://t.co/mPdHEuxHOX https://t.co/w3pqO1lCn6,28
29,0.0,0.0,1.0,@BBC,0.0,"üí∞ @DanTDM has been named the highest-earning YouTuber of 2017 - making ¬£12.3m this year, according to @Forbes magaz‚Ä¶ https://t.co/yVEcwct3Es",29
30,0.4767,0.083,0.725,@BBC,0.192,"Rebel Wilson reenacts her Pitch Perfect audition and it‚Äôs slap-tastic.

The Graham Norton Show | @BBCOne https://t.co/TYszXcf9ZH",30
31,0.0,0.0,1.0,@BBC,0.0,The BBC has made the 1930s issues of the complete Radio Times magazines available online for the first time. üìª Chec‚Ä¶ https://t.co/aeK8TTggDW,31
32,0.5574,0.0,0.813,@BBC,0.187,"From Dark, to the return of The Crown &amp; a #DoctorWho Christmas special, here are the TV shows worth watching in Dec‚Ä¶ https://t.co/4qq2MlpONj",32
33,0.0,0.0,1.0,@BBC,0.0,"RT @bbcthree: In 2011 BBC Three made a documentary about a boy who defied his bullies. 

Now #EverybodysTalkingAboutJamie again. https://t.‚Ä¶",33
34,-0.4063,0.189,0.811,@BBC,0.0,"'There's ignorance about employment law &amp; people don't want to hear complaints.'
Classical music has a sexual haras‚Ä¶ https://t.co/PpdlbV0Gck",34
35,0.0,0.0,1.0,@BBC,0.0,"'Their birthdays are never easy.' 
Hannah is one of thousands of mums living with PTSD from experiencing traumatic‚Ä¶ https://t.co/lPMW5VXHfa",35
36,0.6369,0.0,0.769,@BBC,0.231,"How do you make puppets fall in love? ‚ù§Ô∏èÔ∏èüéé
Puppeteers reveal their techniques. https://t.co/GPNqLrFZit https://t.co/HfB09Yw8ek",36
37,0.0,0.0,1.0,@BBC,0.0,"RT @CBeebiesHQ: He's the disco dancing, geography guide with the moves! üòé

@BBCStrictly doesn't know what's hit it! üòÜ

#GoJettersüï∫

#Strict‚Ä¶",37
38,0.0,0.0,1.0,@BBC,0.0,"RT @BBCBreakfast: A clairvoyant cat? üêà Or a turtle in the know?üê¢
Animals in Russia are predicting the outcome of @FIFAWorldCup 2018 https:/‚Ä¶",38
39,0.4939,0.0,0.868,@BBC,0.132,RT @BBCOne: David Attenborough uncovers the story of Jumbo ‚Äì a celebrity animal superstar who is said to have inspired the movie Dumbo. Ton‚Ä¶,39
40,0.0,0.0,1.0,@BBC,0.0,Watch @ScottishBallet's incredible interpretations of Stravinsky. https://t.co/NGZuhnKutW https://t.co/vUOkoaJ7mc,40
41,-0.8271,0.312,0.688,@BBC,0.0,‚úä @Time magazine has named 'the Silence Breakers' - women who spoke out against sexual abuse &amp; harassment - as its‚Ä¶ https://t.co/roSq8US4Ev,41
42,0.6588,0.0,0.747,@BBC,0.253,RT @BBCWthrWatchers: Some great pics of #UKsnow sent in by the early risers! https://t.co/b9Of6bvvIz,42
43,0.7597,0.0,0.763,@BBC,0.237,"RT @BBCR1: üéÑ BIG FESTIVE NEWS üéÑ

We've invited some of your favourite stars to take over Radio 1 on Christmas Day!

Get ready for Superstar‚Ä¶",43
44,-0.4215,0.163,0.773,@BBC,0.064,"RT @BBCEarth: These orca just want a meal, but they could be risking their lives. üíô#BluePlanet2 https://t.co/JeLlETfohs",44
45,0.7579,0.0,0.735,@BBC,0.265,"'Whilst I appreciate the lovely people slowing down, if you see somebody with a guide dog, just drive on. Ziggy's g‚Ä¶ https://t.co/CeH3p8geLq",45
46,0.0,0.0,1.0,@BBC,0.0,"‚ÄòWhy won‚Äôt he let me leave?!'
The #BluePlanet2 team had a rather unexpected visitor while filming in the Galapagos.‚Ä¶ https://t.co/vvBS7WorXO",46
47,0.4588,0.0,0.857,@BBC,0.143,"The Greek concept of philoxenia, which translates as ‚Äòlove of strangers‚Äô, is a warmth that makes foreigners feel im‚Ä¶ https://t.co/O3BzC7lUp3",47
48,-0.3612,0.102,0.898,@BBC,0.0,"A study of nearly 12,000 children in the UK found 25% were overweight or obese at age seven, rising to 35% at 11.‚Ä¶ https://t.co/41qA60xnUd",48
49,0.5743,0.0,0.821,@BBC,0.179,"GET EXCITED!! üé§‚ù§Ô∏èÔ∏èüé∂
@Camila_Cabello has set the release date of her debut album Camila for 12 January.‚Ä¶ https://t.co/gRtJVD7FEh",49
50,-0.3595,0.135,0.865,@BBC,0.0,"Have we got five eight-year-olds robbing houses? No! We've got two bams with triplets. üòÇ
#ScotSquad via‚Ä¶ https://t.co/HUsw0CjaoY",50
51,0.7783,0.0,0.756,@BBC,0.244,"The history of condoms stretches back around 3,000 years ‚Äì but they still offer the best protection against STIs.‚Ä¶ https://t.co/shw3Jn5og1",51
52,0.0,0.0,1.0,@BBC,0.0,"Sexually frivolous and morally ambiguous. 
Meet pro wrestling‚Äôs pansexual phenomenon...üè≥Ô∏è‚Äçüåàü§º‚Äç‚ôÄÔ∏è
Via @BBC5Live. https://t.co/2Asruxhnv8",52
53,0.8911,0.096,0.468,@BBC,0.436,"RT @BBCWthrWatchers: Ok, so #snow can be a pain ...but wow üòç 
We're all feeling just a little more festive after your great efforts today!‚Ä¶",53
54,0.0,0.0,1.0,@BBC,0.0,"RT @bbcthree: YOU'VE BEEN LIVING A LIE.
https://t.co/YUCx48Mv0o",54
55,0.3182,0.092,0.763,@BBC,0.145,"RT @bbcstories: Do our young men lack positive role models? Davis thought so, so he founded The Manhood Academy. #EverydayHeroes https://t.‚Ä¶",55
56,0.4939,0.0,0.856,@BBC,0.144,"RT @BBCEarth: In Cape Verde, @ProjetoBioSal is on a mission to save baby turtles from human impact. üê¢
#OurBluePlanet w/ @AluciaProd https:/‚Ä¶",56
57,0.8655,0.0,0.64,@BBC,0.36,"RT @BBCSpringwatch: Brrr, a chilly one tonight!
Luckily we've some gorgeous grey seals in our advent calendar to warm to cockles of your he‚Ä¶",57
58,0.3818,0.0,0.885,@BBC,0.115,"RT @bbcmusic: ‚ú®@RagNBoneManUK brought all the feels to #SLFN with his stunning performance of 'As You Are' 
Watch in full üëâhttps://t.co/JmZ‚Ä¶",58
59,0.4215,0.0,0.851,@BBC,0.149,30 years of Fairytale of New York: 10 true tales behind the @PoguesOfficial's Christmas favourite. üéÅüéÑ‚Ä¶ https://t.co/LClO0krtv0,59
60,0.3612,0.0,0.857,@BBC,0.143,"Ever wondered what London looked like 2000 years ago? üá¨üáß
#DiggingForBritain, now on @BBCiPlayer üëâ‚Ä¶ https://t.co/fd74UnWzF4",60
61,0.0,0.0,1.0,@BBC,0.0,"Tonight, @McInTweet is joined by @JasonManford and @TheVampsband. üåüüé∂üòÇ Michael McIntyre's Big Show. 8:20pm on‚Ä¶ https://t.co/NW4Y5gYger",61
62,0.0,0.0,1.0,@BBC,0.0,"'I know it's not real because I'm surrounded by people eating crisps.' üòÇüé≠
#LiveAtTheApollo via @BBCTwo. https://t.co/1zwUd8oCvi",62
63,0.0,0.0,1.0,@BBC,0.0,"Alice is a 26-year-old mum. She's married, she has schizophrenia &amp; she is fed up of being portrayed as 'dangerous'‚Ä¶ https://t.co/hy2APiuz5L",63
64,0.0,0.0,1.0,@BBC,0.0,Astronomers have discovered the most distant 'supermassive' black hole known to science. ‚òÑüî≠ https://t.co/OYWmKfE4t4 https://t.co/10PPSeYkT2,64
65,0.0,0.0,1.0,@BBC,0.0,Claire Foy talks about what will be her last outing as Britain‚Äôs longest serving monarch - and hints at choppy wate‚Ä¶ https://t.co/z6WuYfwM3d,65
66,0.9517,0.0,0.393,@BBC,0.607,"I'm celebrating natural beauty - 'Instagram isn't real life.' @IAmSonnyTurner
These five body positive champions ar‚Ä¶ https://t.co/uUr8AHsfgq",66
67,-0.25,0.125,0.875,@BBC,0.0,"Could you live with your partner alone in a remote lighthouse for 6 months?
Via @BBCWorldService. https://t.co/7gNRygiGKr",67
68,0.6369,0.0,0.704,@BBC,0.296,"üéµ Jack Black‚Äôs Jumanji theme tune is the best. üòÇ
Via @BBCOne. https://t.co/bqpYxQ8cot",68
69,-0.4019,0.124,0.876,@BBC,0.0,Dyslexie is a font that aims to overcome some of the problems that people with dyslexia can have when reading.‚Ä¶ https://t.co/d3GZEMdZgc,69
70,0.7845,0.0,0.699,@BBC,0.301,"üî¨üå° Heard of Terrific Scientific, the BBC‚Äôs science campaign for primary pupils? 

If you know a brilliant teacher,‚Ä¶ https://t.co/DtpAloo5Fe",70
71,-0.6369,0.215,0.785,@BBC,0.0,Many coastal communities are already battling the effects of sea level rise - and it's made worse by the fact that‚Ä¶ https://t.co/WRpTIDB2e9,71
72,0.0,0.0,1.0,@BBC,0.0,"Danielle is breaking deaf world records left right &amp; centre. üèä‚ù§Ô∏èÔ∏è
Via @BBCTheSocial. https://t.co/XRlJU7UdU7",72
73,0.3818,0.1,0.682,@BBC,0.218,Do you feel pressure when giving Christmas gifts? @DrRadhaModgil discusses the psychology of giving &amp; receiving gif‚Ä¶ https://t.co/DtkRGlOvdW,73
74,-0.4404,0.195,0.805,@BBC,0.0,RT @bbcthree: Lynsey is saving condemned dogs and finding them forever homes. https://t.co/aF7j3gaZil,74
75,-0.6486,0.185,0.815,@BBC,0.0,"RT @bbcmusic: Nearly seven months later, we look back on the #OneLoveManchester concert staged by @ArianaGrande after the devastating attac‚Ä¶",75
76,0.34,0.0,0.87,@BBC,0.13,"RT @BBCr4today: If you do one thing today...

Listen to Gaelynn Lea play the violin #r4today https://t.co/nXixd8e8rO",76
77,0.0,0.0,1.0,@BBC,0.0,"üëÇüèªüìñ @SJ_Watson was an audiology specialist before penning the international bestseller Before I Go To Sleep. 
5 peo‚Ä¶ https://t.co/RqDVSZ8Ntl",77
78,0.4588,0.0,0.88,@BBC,0.12,"Mason has used his pocket money to fund random acts of kindness this year in memory of his brother, Ross. ‚ù§Ô∏èÔ∏è Via‚Ä¶ https://t.co/asKJ9me2MY",78
79,0.0,0.0,1.0,@BBC,0.0,"Who even needs a calculator anyway? 
Via BBC Minute https://t.co/5LIDp3hZXh",79
80,0.0,0.0,1.0,@BBC,0.0,"üìö From essays about Cuba‚Äôs transformation to a history of US nuclear policy, here are 10 books to read in December.‚Ä¶ https://t.co/XvF7FFPWF8",80
81,-0.2732,0.157,0.737,@BBC,0.106,"There's around 500k pieces of space junk orbiting Earth, posing a huge threat to astronauts. The RemoveDebris space‚Ä¶ https://t.co/MLFaaVAxta",81
82,0.0,0.0,1.0,@BBC,0.0,"As @Lord_Sugar's search for his next business partner continues, take an in-depth look at the remaining candidates.‚Ä¶ https://t.co/jkK7AHquzr",82
83,0.1027,0.104,0.769,@BBC,0.126,"'For me, drag is a device to entertain people and make them laugh.' üíãüíÖ
Via @BBCTheSocial. https://t.co/urnzq6NJJA",83
84,0.5719,0.0,0.844,@BBC,0.156,"You might think the hipster beard is a new trend, but the mid-19th century was a true golden age for massive facial‚Ä¶ https://t.co/dsJojiqMgH",84
85,0.0,0.0,1.0,@BBC,0.0,"RT @bbcmusic: WHAT A LINE UP üòç
Tonight's #SLFN guest host: the incredible @DuaLipa üåπ
Performances from @KasabianHQ, @RagNBoneManUK, @RAYE a‚Ä¶",85
86,-0.3182,0.087,0.913,@BBC,0.0,"RT @bbc5live: 10-year-old William thought he'd lost his camera when it was swept out to sea üì∑ üåä

But he's been reunited with it after it wa‚Ä¶",86
87,0.6124,0.0,0.833,@BBC,0.167,"RT @BBCSpringwatch: We've some gorgeous gannets in today's advent calendar. üéÑüéÖüèΩ
They're busy building nests - I wonder if they can make wre‚Ä¶",87
88,0.0,0.0,1.0,@BBC,0.0,RT @BBCOne: ‚ú® @Chris_Stark reveals the magic behind *that* BBC One Christmas tearjerker. https://t.co/FbLj5SrI6y,88
89,0.6369,0.0,0.811,@BBC,0.189,üóì üé∂ @ClaudiaWinkle and @Claraamfo look back at this year's best music. The Year in Music 2017. 9pm on @BBCTwo.‚Ä¶ https://t.co/fqm4A0Wv3C,89
90,-0.8271,0.268,0.732,@BBC,0.0,"üé¨ From the new Star Wars to the story of the worst movie ever made, here are 9 movies to watch in December. üëâ‚Ä¶ https://t.co/Zihk2ad0dz",90
91,0.0,0.0,1.0,@BBC,0.0,"Sharks, bear markets, narwhals &amp; yak shaving - do you know the 
business beast ABC?
Full guide here üëâ‚Ä¶ https://t.co/kgxpnSZf4A",91
92,0.4767,0.0,0.814,@BBC,0.186,"Remember how we actually did alright at Eurovision this year? üé§üé∂

10 surprising music moments from 2017 you've alre‚Ä¶ https://t.co/hS72dmiWNE",92
93,0.4588,0.0,0.824,@BBC,0.176,üë¶ü§îüëß Are you smarter than an 11-year-old? Take this quiz &amp; find out... https://t.co/JNbY5UN9QB https://t.co/nZWffIrmGv,93
94,0.5106,0.06,0.792,@BBC,0.147,"RT @bbcmusic: üíñ@Harry_Styles is nominated for BBC Music Artist Of The Year, and we STILL have goosebumps from his beautiful 'Girl Crush' pe‚Ä¶",94
95,0.0,0.0,1.0,@BBC,0.0,"'If you don't get the angle right, it's not going to work.'
Can you #DoTheHuw? üòÇ https://t.co/hYxrN6C790",95
96,0.0,0.0,1.0,@BBC,0.0,Stewards working at Prince Harry &amp; Meghan Markle's Royal Wedding have been told to watch Suits before the big day.‚Ä¶ https://t.co/ErN62dBvF6,96
97,0.6808,0.0,0.641,@BBC,0.359,"The perfect warm drink for cold December evenings. ‚òïÔ∏èüòã 
Via @BBCFood. https://t.co/clDVQqgSOj",97
98,0.4939,0.0,0.868,@BBC,0.132,"RT @bbcworldservice: ""Falls reduced by 60%."" Why some care home residents are 'pimping' their walking frames. Follow the link for more from‚Ä¶",98
99,0.0,0.0,1.0,@BBC,0.0,Professional clowns must choose a unique facial makeup design ‚Äì and they have an unusual way of ‚Äòprotecting‚Äô it fro‚Ä¶ https://t.co/zmkytd7z8v,99
100,-0.2263,0.083,0.917,@CBS,0.0,"Due to NFL overrun, CBS is delayed 8 mins in the following ET &amp; CT markets: Hunstville, AL, Bowling Green, KY, MS,‚Ä¶ https://t.co/gbwhgooEQd",0
101,-0.2263,0.087,0.913,@CBS,0.0,"Due to NFL overrun CBS is delayed 7 mins in the following ET &amp; CT markets Tampa, Chicago, Maryland, Michigan, Wash‚Ä¶ https://t.co/driVgCiX7D",1
102,0.0772,0.0,0.936,@CBS,0.064,"RT @NoActivityCBS: If you want the intel, you get the tickles. üòÇ Stream the first 5 episodes of #NoActivity now: https://t.co/Wzq9bVOhGN ht‚Ä¶",2
103,0.0,0.0,1.0,@CBS,0.0,RT @startrekcbs: .@albinokid and @wcruz73 are breaking new ground in #StarTrekDiscovery. üè≥Ô∏è‚Äçüåà Stream chapter 1 on CBS All Access: https://t‚Ä¶,3
104,0.5754,0.07,0.742,@CBS,0.189,Don‚Äôt miss America‚Äôs Game! Stream the Army-Navy game LIVE today at 3PM ET with a FREE trial of #CBSAllAccess:‚Ä¶ https://t.co/38udnQj2vs,4
105,0.6476,0.0,0.791,@CBS,0.209,"There's still time before we have to say so long! Catch up with Carol Burnett, her original castmates and special g‚Ä¶ https://t.co/WTiK8dzaXO",5
106,0.8126,0.0,0.697,@CBS,0.303,RT @bigbangtheory: It's the biggest best friend breakup of the year... üò± Stream the latest full episode of #BigBangTheory: https://t.co/iIw‚Ä¶,6
107,0.7777,0.0,0.746,@CBS,0.254,"RT @AmazingRaceCBS: Presenting... the 30th cast of the #AmazingRace! Made up of champions and winners, this is quite literally the most com‚Ä¶",7
108,0.5423,0.0,0.863,@CBS,0.137,Do you know all the nominees for Song Of The Year? Get familiar with this year's GRAMMY¬Æ Award nominees ahead of Mu‚Ä¶ https://t.co/I6hhOtfQjb,8
109,0.3182,0.0,0.874,@CBS,0.126,"A new Twilight Zone original series is coming exclusively to CBS All Access in association with @JordanPeele,‚Ä¶ https://t.co/fVYnhUASee",9
110,0.1511,0.0,0.91,@CBS,0.09,RT @SuperiorDonuts: You'll want to check this box! ‚òëÔ∏é Stream the latest episode of #SuperiorDonuts: https://t.co/h1xhKLCAPl https://t.co/d8‚Ä¶,10
111,0.4199,0.0,0.883,@CBS,0.117,RT @YoungSheldon: Wondering what it's like behind the scenes of #YoungSheldon? Let star @OfficialRaeganR take you on a tour of the set! htt‚Ä¶,11
112,0.5106,0.0,0.837,@CBS,0.163,The Kennedy Center Honors recognizes the lifetime contributions of all types of performance artists. Watch the 40th‚Ä¶ https://t.co/azF3rW2ptw,12
113,0.0,0.0,1.0,@CBS,0.0,RT @YoungSheldon: There's something @elonmusk never told you about @spacex's Falcon 9. üìì  #YoungSheldon https://t.co/bu3W0IC8zN,13
114,0.3612,0.0,0.894,@CBS,0.106,"Just like old times, Carol Burnett bumps up the lights and answers questions from the audience. Catch up on The Car‚Ä¶ https://t.co/9r7WI8d1tZ",14
115,0.9217,0.0,0.496,@CBS,0.504,Star comedian @JimCarrey gets emotional when he expresses his heartfelt thanks to Carol Burnett for her positive in‚Ä¶ https://t.co/5QCejBcg5T,15
116,0.5213,0.0,0.813,@CBS,0.187,Take a trip down memory lane with Carol Burnett for a special tribute you'll never forget. Catch up on The Carol Bu‚Ä¶ https://t.co/XBINDav614,16
117,-0.5655,0.177,0.823,@CBS,0.0,"RT @JLawlorNY: So, ok...maybe I'm crying at at the #CarolBurnett50 finale with everyone singing her theme song! #ImSoGladWeHadThisTimeToget‚Ä¶",17
118,0.9466,0.0,0.328,@CBS,0.672,RT @junerenee: A true classic and favorite!! Love #CarolBurnett50 laughed and cried...just like before!,18
119,0.5994,0.0,0.719,@CBS,0.281,RT if you‚Äôve loved reliving these classic moments during #CarolBurnett50 https://t.co/I1tIWeSlsQ,19
120,0.7906,0.0,0.731,@CBS,0.269,RT @Mom101: I can't tell you the joy of seeing my 10yo laughing at this. Especially the Tim Conway dentist sketch.  #CarolBurnett50,20
121,0.8689,0.0,0.671,@CBS,0.329,"RT @AdeleAndMike: Thank You for bringing back such wonderful memories, the entire family would gather to watch, and we would then laugh abo‚Ä¶",21
122,0.8016,0.0,0.736,@CBS,0.264,RT @tessab13: The Siamese Elephants skit on the Carol Burnett show is such a classic and possibly my favorite. Loved Tim Conway! #CarolBurn‚Ä¶,22
123,0.5719,0.0,0.844,@CBS,0.156,RT @inezpanebianco: @OfficialBPeters and Carol Burnett reminiscing back on the carol burnett show is my idea of a perfect night ‚ù§Ô∏è #CarolBu‚Ä¶,23
124,0.0,0.0,1.0,@CBS,0.0,"What a performance by @OfficialBPeters, @KChenoweth, Carol Burnett, Steve Lawrence, and @StephenAtHome!‚Ä¶ https://t.co/DqewQ6ASQp",24
125,0.25,0.0,0.867,@CBS,0.133,RT @jonjeffryes: Bob Mackie created 65 costumes a week for The Carol Burnett Show #CarolBurnett50,25
126,0.0,0.0,1.0,@CBS,0.0,RT @bmayberry92: Steve Carell with that video submission though! üòÇ #carolburnett50,26
127,0.0,0.0,1.0,@CBS,0.0,She‚Äôs still got it! #CarolBurnett50 https://t.co/zTxZc5zrqP,27
128,0.8591,0.0,0.513,@CBS,0.487,RT @BobMackie: Our friend Tim Conway never failed to make us laugh #CarolBurnett50,28
129,-0.2263,0.076,0.924,@CBS,0.0,RT @bpeters99: #CarolBurnett50  Am I the Only one with tears in my eyes while I give a standing ovation from my couch? One of the most bril‚Ä¶,29
130,0.5574,0.0,0.806,@CBS,0.194,RT @SuperJen1117: This show is awesome...Some of the funniest women together on one stage üôåüèº‚ù§Ô∏è #CarolBurnett50,30
131,0.3612,0.0,0.762,@CBS,0.238,These two are just like sisters ‚ù§Ô∏è #CarolBurnett50 https://t.co/EPpyf2kOuV,31
132,0.4588,0.0,0.864,@CBS,0.136,RT @chattie: Watching #carolburnett50  can‚Äôt quit smiling. Brings me memories of watching on Saturday nights with my mom and grandma.,32
133,0.807,0.0,0.644,@CBS,0.356,RT @DanRocks98: Settling in for the #CarolBurnett50 special. This lady is comedy gold! A true staple of my childhood.,33
134,0.4574,0.0,0.87,@CBS,0.13,She‚Äôs back! Tune in now to see The Carol Burnett 50th Anniversary Special on CBS and CBS All Access. #CarolBurnett50 https://t.co/HhvRmT5AR0,34
135,-0.2263,0.095,0.905,@CBS,0.0,"Due to #NFL football overrun #CBS is delayed 11 min in: 
Atlanta 
Baltimore 
Columbus
Cleveland 
Toledo
Detroit
Fli‚Ä¶ https://t.co/oCkn11yJOR",35
136,0.8271,0.0,0.648,@CBS,0.352,Relive the laughter and the magic in this star-studded tribute to everyone's favorite classic comedy show. Don't mi‚Ä¶ https://t.co/WV6jxBnRAt,36
137,0.7783,0.0,0.714,@CBS,0.286,"Tonight, spend an evening together with Carol Burnett and celebrity friends as they celebrate The Carol Burnett 50t‚Ä¶ https://t.co/uH2uM9cJFS",37
138,0.8658,0.0,0.614,@CBS,0.386,Carol Burnett credits the close-knit cast for the success of her show. Join her and original cast members Vicki Law‚Ä¶ https://t.co/1rlNPUS5EJ,38
139,0.8516,0.0,0.647,@CBS,0.353,Carol Burnett and friends reflect on how the show became an instant classic that's still celebrated today! Join the‚Ä¶ https://t.co/lZgVz9XSyM,39
140,0.7897,0.0,0.72,@CBS,0.28,"Tonight, celebrate with Carol Burnett, Vicki Lawrence, Lyle Waggoner &amp; more special guests! Find out how to watch T‚Ä¶ https://t.co/Rhm6RJ34u2",40
141,0.6166,0.0,0.825,@CBS,0.175,Stream Indiana at Michigan LIVE today at 12:30PM ET with a 1-month FREE trial of #CBSAllAccess. Just use promo code‚Ä¶ https://t.co/xRem3zSyEQ,41
142,0.1867,0.0,0.902,@CBS,0.098,Kristin Chenoweth (@KChenoweth) explains why audiences still crave Carol Burnett! Don't miss The Carol Burnett 50th‚Ä¶ https://t.co/kM92NTtTfs,42
143,0.6996,0.0,0.821,@CBS,0.179,"Catch up on this amazing lineup of music specials! Here's how to watch Bruno Mars: 24K Magic Live at the Apollo, Th‚Ä¶ https://t.co/Jit2CzZJCY",43
144,-0.3595,0.128,0.872,@CBS,0.0,Missed Bruno Mars: 24K Magic Live at the Apollo? Keep up! Watch the full show: https://t.co/itXpGB5gRm #BrunoMars https://t.co/8yyQlC1LML,44
145,0.3612,0.0,0.884,@CBS,0.116,Reminisce with these classic photos and get ready to relive the magic when The Carol Burnett 50th Anniversary Speci‚Ä¶ https://t.co/yJQEzCjoSA,45
146,0.4199,0.0,0.866,@CBS,0.134,"RT @LivinBiblically: In the beginning, there was Chip. And lo! Chip had a revelation. #LivingBiblically is a new comedy premiering Monday,‚Ä¶",46
147,0.7707,0.0,0.718,@CBS,0.282,"Discover these pro football stars' off-the-field talents in MVP: Most Valuable Performer, airing Jan 25 on CBS! Fin‚Ä¶ https://t.co/g8jSRW8mQf",47
148,0.0,0.0,1.0,@CBS,0.0,"Find out when #BigBrother celebrity edition, #AmazingRace, #Survivor, new drama @instinctcbs and new comedy‚Ä¶ https://t.co/4Psl74zcCB",48
149,0.8221,0.0,0.691,@CBS,0.309,Actress @BethBehrs explains why Carol Burnett is her hero! Celebrate her lasting influence with The Carol Burnett 5‚Ä¶ https://t.co/Lnt5P9jEu0,49
150,0.0,0.0,1.0,@CBS,0.0,"RT @instinctcbs: New drama #Instinct, starring @Alancumming, premieres Sunday, March 11 on @CBS! https://t.co/aaL0JXpqav",50
151,0.0,0.0,1.0,@CBS,0.0,"RT @AmazingRaceCBS: On your marks... #AmazingRace returns Wednesday, January 3! https://t.co/XMSJSUymUZ",51
152,0.0,0.0,1.0,@CBS,0.0,RT @CBSBigBrother: Mark. Your. Calendars. The celebrity edition of #BigBrother premieres February 7! https://t.co/nP3Do6jTwM,52
153,0.6893,0.0,0.749,@CBS,0.251,The Angels await you... catch up on the world's most celebrated fashion show now! Watch the full 2017‚Ä¶ https://t.co/xfYDbEzpfX,53
154,0.1901,0.0,0.907,@CBS,0.093,"Comedy stars Amy Poehler, Bill Hader, @MayaRudolph &amp; @TraceeEllisRoss give the legendary Tarzan yell a try- but no‚Ä¶ https://t.co/lrrHE2f9Nv",54
155,0.296,0.0,0.872,@CBS,0.128,Action-adventure series 'Blood &amp; Treasure' has been picked up for broadcast in Summer 2019: https://t.co/gAjqbF5bYh https://t.co/3cTBH9AKFI,55
156,0.0,0.0,1.0,@CBS,0.0,Carol Burnett visited @TheTalkCBS to discuss how she got her start in show business! Watch The Carol Burnett 50th A‚Ä¶ https://t.co/EyqmFWZHEC,56
157,0.6115,0.0,0.773,@CBS,0.227,"The world's most beloved fairy tales are reimagined as a dark &amp; twisted psychological thriller in ""Tell Me A Story,‚Ä¶ https://t.co/CytIswrRj1",57
158,0.0,0.0,1.0,@CBS,0.0,RT @RansomCBS: #Ransom star @luke_j_roberts on set in Budapest for Season 2! https://t.co/rgC5ylqSMp,58
159,0.6808,0.0,0.752,@CBS,0.248,Comic @JayLeno reflects on the major impression Carol Burnett left on him. Celebrate The Carol Burnett 50th Anniver‚Ä¶ https://t.co/PIakndHJt1,59
160,0.3612,0.0,0.865,@CBS,0.135,"Watch #BrunoMars perform ""That's What I Like"" in Bruno Mars: 24K Magic Live at the Apollo: https://t.co/hAFcB9HpE3 https://t.co/I7ZWHdDYCP",60
161,0.0,0.0,1.0,@CBS,0.0,"Watch #BrunoMars perform ""24K Magic"" in Bruno Mars: 24K Magic Live at the Apollo: https://t.co/UgD4fC5cS6 https://t.co/iTGKJSbjwY",61
162,-0.3595,0.128,0.872,@CBS,0.0,Missed Bruno Mars: 24K Magic Live at the Apollo Theater? Keep up! Watch the full show: https://t.co/itXpGB5gRm‚Ä¶ https://t.co/nkRMIUd2Df,62
163,0.6239,0.0,0.55,@CBS,0.45,RT @CWatkinsTV: That. Was. Amazing! #BrunoMars,63
164,0.0,0.0,1.0,@CBS,0.0,The stage is üî•üî• #BrunoMars https://t.co/nykrDH46Bs,64
165,0.5542,0.0,0.796,@CBS,0.204,RT @anitakearney65: I could watch this all night #Brunomars #BrunosTvSpecial so much fun to watch OMG,65
166,0.0,0.0,1.0,@CBS,0.0,Everybody put your hands up! #BrunoMars https://t.co/jU7NyttAqv,66
167,0.0,0.0,1.0,@CBS,0.0,RT @Sara_nurse: My 2yr old niece heard @BrunoMars and is now up singing and dancing #BrunosTVSpecial #BrunoMars,67
168,0.0,0.0,1.0,@CBS,0.0,"RT @AllieNY86: His voice is mesmerizing 
#BrunoMars",68
169,0.7482,0.0,0.566,@CBS,0.434,RT @BrunoMars: We love you MARY!!!! ‚ù§Ô∏è #BrunosTvSpecial,69
170,0.8513,0.0,0.458,@CBS,0.542,RT @RDMichelleLNK: Loving a dose of #BrunoMars midweek. So amazing!,70
171,0.7232,0.0,0.698,@CBS,0.302,We‚Äôre only halfway into the show. Get ready for more of your favorite #BrunoMars tunes! https://t.co/BJh0PeX864,71
172,0.0,0.0,1.0,@CBS,0.0,"When #BrunoMars tells you to pick up the phone, that‚Äôs exactly what you do. https://t.co/JZDS26h3lL",72
173,0.8979,0.049,0.557,@CBS,0.394,RT @MargoSlade: Best way to relax after a hard day of work watching #BrunoMars on #BrunosTVSpecial my heart is the happiest,73
174,0.0,0.0,1.0,@CBS,0.0,RT @Tiffany48184: Now that's how you open up a show!!!!! #BrunoMars,74
175,0.6988,0.0,0.548,@CBS,0.452,RT if you‚Äôre ready to party with #BrunoMars!! https://t.co/o4qQoKOzgH,75
176,0.0,0.0,1.0,@CBS,0.0,RT @BrunoMars: POP POP!!üí•üí• everyone tweet #BrunosTvSpecial! We on!!!! üçæ,76
177,0.7067,0.0,0.754,@CBS,0.246,RT @Queentassia14: Bruno Mars Live at the Apollo!!!! Yeah I have to wake up at like 4 am for work.... but it's worth it. #BrunoMars #Brunos‚Ä¶,77
178,0.0,0.0,1.0,@CBS,0.0,RT @asbstar30: BRUNO #BrunoMars,78
179,0.0,0.0,1.0,@CBS,0.0,"Get on your feet, and prepare to dance. #BrunoMars is hitting the stage! https://t.co/yOyq8JlMZj",79
180,0.6514,0.0,0.842,@CBS,0.158,"Pop pop, it's showtime! Bruno Mars: 24K Magic Live at the Apollo starts at 10/9c on CBS, or try 1 month FREE of CBS‚Ä¶ https://t.co/cpCSYDKieM",80
181,0.1139,0.0,0.936,@CBS,0.064,Calling all Bruno Mars' lovelies... don't miss Bruno Mars: 24K Magic Live at the Apollo tonight @ 10/9c on CBS &amp; CB‚Ä¶ https://t.co/nGOgukLMx9,81
182,0.6825,0.0,0.772,@CBS,0.228,You'll treasure this special night with #BrunoMars! Find out how to watch Bruno Mars: 24K Magic Live at the Apollo‚Ä¶ https://t.co/qF2eRcJLSJ,82
183,0.5826,0.0,0.848,@CBS,0.152,RT @BrunoMars: Ladies put your hoops on tonight! Fellas break out that good cologne! #BrunosTvSpecial is airing on @CBS! What y‚Äôall trynna‚Ä¶,83
184,0.0,0.0,1.0,@CBS,0.0,RT @YoungSheldon: Sheldon will do whatever it takes to get his hands on his own computer in tomorrow's all-new episode of #YoungSheldon! ht‚Ä¶,84
185,0.0,0.0,1.0,@CBS,0.0,RT @survivorcbs: What drama will ensue on back-to-back episodes of #Survivor tonight? Watch a sneak peek now: https://t.co/LHcxyClSw1 https‚Ä¶,85
186,0.0,0.0,1.0,@CBS,0.0,Discover every reason why #BrunoMars is 24K Magic! Watch Bruno Mars: 24K Magic Live at the Apollo tonight @ 10/9c o‚Ä¶ https://t.co/oaPjvl3rSW,86
187,0.0,0.0,1.0,@CBS,0.0,Did you catch these tiny moments during the 2017 Victoria's Secret Fashion Show? Find out what you may have missed:‚Ä¶ https://t.co/IIyupot9uU,87
188,0.4559,0.0,0.858,@CBS,0.142,RT @funnyordie: Live! Watch Tim Meadows and Patrick Brammall of @NoActivityCBS play themselves in new 8-bit video game! https://t.co/nXCuHO‚Ä¶,88
189,0.0,0.0,1.0,@CBS,0.0,The 'Only Angel' @Harry_Styles saw last night were the ones on the runway! Watch him perform at the #VSFashionShow:‚Ä¶ https://t.co/na8GAiZwmS,89
190,0.6124,0.0,0.8,@CBS,0.2,This entire collection is drop-dead gorgeous. See all the most sizzling looks from the 2017 #VSFashionShow:‚Ä¶ https://t.co/zpTKXcm05r,90
191,0.4926,0.0,0.842,@CBS,0.158,"Stars @Miguel, @Harry_Styles, @leslieodomjr &amp; more set the tone for a truly incredible show! Watch all the musical‚Ä¶ https://t.co/kmo4l3aGai",91
192,0.6696,0.0,0.809,@CBS,0.191,Some of the best moments happen behind the scenes! Here's your backstage pass to the 2017 Victoria's Secret Fashion‚Ä¶ https://t.co/S8MpOnhC6b,92
193,0.6696,0.0,0.817,@CBS,0.183,"From the sky-high heels to the jaw-dropping wings, these outfits are fashion goals! See all the best looks from the‚Ä¶ https://t.co/GnyZ8NnBYH",93
194,0.4201,0.087,0.754,@CBS,0.158,Missed the world‚Äôs most celebrated fashion show? Catch up on your own time and watch the entire 2017 Victoria's Sec‚Ä¶ https://t.co/9OuYvHItzh,94
195,0.5826,0.0,0.848,@CBS,0.152,"RT @VictoriasSecret: That‚Äôs a wrap on the 2017 #VSFashionShow!! BIG thanks to the Angels, the people of Shanghai &amp; YOU for watching! https:‚Ä¶",95
196,0.5106,0.0,0.751,@CBS,0.249,Want to relive all of your favorite #VSFashionShow runway moments?  @GIPHY has you covered. https://t.co/mgfziAQR4c,96
197,0.9476,0.0,0.551,@CBS,0.449,"RT @vannalovescats: Another successful show. I‚Äôm so proud of all of the beautiful ladies, they all did amazing. The musical guests were FAN‚Ä¶",97
198,0.6289,0.0,0.629,@CBS,0.371,55 Models. 88 Looks. 1 FABULOUS Night. #VSFashionShow https://t.co/TmYqRjDRE5,98
199,0.0,0.0,1.0,@CBS,0.0,Two. Million. Dollar. Bra. üòÆ  #VSFashionShow https://t.co/4dp7RbMHlp,99
200,-0.3612,0.135,0.865,@CNN,0.0,"Turkish President Recep Tayyip Erdogan called Israel a ""terrorist"" and ""child-murderer state"" as he criticized US P‚Ä¶ https://t.co/BKnHlFnpqF",0
201,0.5719,0.0,0.783,@CNN,0.217,A Hong Kong resident shares his tips for street photography so your images will look like a pro snapped them‚Ä¶ https://t.co/5WoufYP4mX,1
202,-0.6705,0.191,0.809,@CNN,0.0,He was shot and killed by Chicago police in 2014. But that‚Äôs just the beginning of this story. #BeneathTheSkin‚Ä¶ https://t.co/5v9LwaIdhK,2
203,0.0,0.0,1.0,@CNN,0.0,The Chicago Board Options Exchange on Sunday began trading bitcoin futures -- a new step for the cryptocurrency‚Ä¶ https://t.co/ioVnnfy3wf,3
204,-0.4588,0.143,0.857,@CNN,0.0,"17 million infants around the world are breathing toxic air that can severely affect brain development, a new UNICE‚Ä¶ https://t.co/17hus7Dff3",4
205,0.2732,0.0,0.89,@CNN,0.11,"Global arms sales increased for the first time in five years in 2016, a new report says https://t.co/K6yTDlfed9 https://t.co/i4cYJ3hftu",5
206,-0.5574,0.34,0.66,@CNN,0.0,Israeli army destroys tunnel from Gaza https://t.co/emKGf8IPZW https://t.co/OHXDWt8Vtc,6
207,0.0,0.0,1.0,@CNN,0.0,"During an appearance on a conspiracy-driven radio show in 2011, Alabama Senate candidate Roy Moore said getting rid‚Ä¶ https://t.co/B4cZRMxXO6",7
208,0.0,0.0,1.0,@CNN,0.0,Sirius XM faces celebrity backlash after former White House Chief Strategist Steve Bannon rejoins radio show‚Ä¶ https://t.co/HLJZVwW78o,8
209,-0.6597,0.188,0.812,@CNN,0.0,The rise of a ‚Äòfish mafia‚Äô in this small Mexican town is killing off an entire population of small porpoises.‚Ä¶ https://t.co/W0tTmNUogp,9
210,-0.0253,0.131,0.742,@CNN,0.127,"‚ÄúWe're not looking for perfection, we're just looking for better than yesterday."" After rehab changed his life, Aar‚Ä¶ https://t.co/fVpZmBWzqm",10
211,0.0,0.0,1.0,@CNN,0.0,President Trump spoke at the opening of the Mississippi Civil Rights Museum. Some civil rights and community leader‚Ä¶ https://t.co/sX8XMVX9k3,11
212,-0.4019,0.231,0.769,@CNN,0.0,"Israel airstrikes, Gaza rockets amid tensions over Jerusalem https://t.co/8zRuyw7PO4 https://t.co/P47G7huOe0",12
213,0.34,0.0,0.87,@CNN,0.13,FBI email shows Attorney General Jeff Sessions wasn't required to disclose foreign contacts for security clearance‚Ä¶ https://t.co/RWekrGKgQJ,13
214,0.0,0.0,1.0,@CNN,0.0,McLaren's 'most extreme' road car costs $1 million https://t.co/5CwE92eNfD https://t.co/GrQmRbIrMg,14
215,0.0772,0.0,0.925,@CNN,0.075,"Vice President Mike Pence and Palestinian Authority President Mahmoud Abbas won't meet, vice president's office con‚Ä¶ https://t.co/Tx9YkRLoca",15
216,0.25,0.0,0.857,@CNN,0.143,"UN chief says ""America First"" slogan is ""detrimental to American interests"" https://t.co/Fdmv3o9TUT https://t.co/T3Z51xTtC2",16
217,0.0,0.0,1.0,@CNN,0.0,"Even with Congress in session, all eyes will be on Alabama on Tuesday https://t.co/Qa1pMjzwfv https://t.co/PjNhNKkHcH",17
218,0.2732,0.096,0.749,@CNN,0.155,Interior Secretary Ryan Zinke is pushing for a controversial road through a federally protected wilderness area in‚Ä¶ https://t.co/pDolVX4lDn,18
219,0.0,0.0,1.0,@CNN,0.0,"""We should all be willing to listen to"" women who speak up about inappropriate sexual behavior, including President‚Ä¶ https://t.co/BtPynSIb5U",19
220,0.4588,0.265,0.403,@CNN,0.332,The winners of the 2017 Nobel Peace Prize warn that nuclear destruction is 'one impulsive tantrum away'‚Ä¶ https://t.co/xzz1xLGCSw,20
221,0.0736,0.083,0.821,@CNN,0.096,"""It's not at all a surprise that they (Russians) would make outreach to people they thought would have influence in‚Ä¶ https://t.co/24yiPExN9C",21
222,0.1872,0.1,0.763,@CNN,0.137,Republican Sen. Susan Collins says she's not sure if she'll support the tax reform plan https://t.co/5YSNF3fLne https://t.co/tnM55Uu9G2,22
223,0.0,0.0,1.0,@CNN,0.0,Take a look at this week in politics https://t.co/8ktzXSEPN4 https://t.co/i8OYgFjIPJ,23
224,0.0,0.0,1.0,@CNN,0.0,Futures trading is a new step for Bitcoin's wild ride https://t.co/GMHpH5Fw8z https://t.co/TmNf8tzIf8,24
225,-0.5719,0.198,0.802,@CNN,0.0,She lost her leg after being hit by a drunk driver. Now she empowers fellow amputees to overcome their physical lim‚Ä¶ https://t.co/dINDZ5JW69,25
226,-0.2023,0.153,0.847,@CNN,0.0,Mix-and-match health coverage can be a risky alternative to Obamacare https://t.co/23NHVKbXQW https://t.co/76jyYlu0lj,26
227,-0.4939,0.211,0.789,@CNN,0.0,"CORRECTION: Jailed ""King of Spin"" Max Clifford dies in UK hospital https://t.co/mDlPZdNE9K https://t.co/qgHMGBdTP3",27
228,-0.6705,0.44,0.56,@CNN,0.0,Swedish police question suspects after synagogue attack https://t.co/3AlN0ZnOnc https://t.co/5Enu6RVoqw,28
229,0.0,0.0,1.0,@CNN,0.0,"President Trump has to live with the consequences of his Israel decision, writes Nic Robertson for @CNNOpinion‚Ä¶ https://t.co/QbOk7FJSwi",29
230,0.3412,0.0,0.833,@CNN,0.167,Alabama Senate candidate Roy Moore says he has never molested anyone https://t.co/4F7ipmrsLz https://t.co/quVFW9P8gs,30
231,0.0,0.0,1.0,@CNN,0.0,"""Time is of the essence,"" UN official says after visit to North Korea https://t.co/kPzalGuqWh https://t.co/KHWyssfkeX",31
232,-0.4939,0.286,0.714,@CNN,0.0,The hidden fear driving the market surge https://t.co/jZVgAGZ7it https://t.co/MADYFBCHZ3,32
233,-0.2263,0.16,0.84,@CNN,0.0,Protesters and police clash outside US embassy in Beirut https://t.co/buz5mXWp3F https://t.co/X2JNZ8p3wP,33
234,-0.5719,0.316,0.684,@CNN,0.0,Heavy snow brings travel chaos to UK https://t.co/vVRzn8LEVP https://t.co/Mm7FLshDpW,34
235,0.0,0.0,1.0,@CNN,0.0,Ski racer Lindsey Vonn injures back and pulls out of a competition in St. Moritz https://t.co/5zVmooeTLI https://t.co/KjveQNCQFs,35
236,-0.6597,0.31,0.69,@CNN,0.0,UK foreign minister ends Iran trip with no announcement on jailed woman https://t.co/9wBvAfh8Qr https://t.co/2Wgp4dmdSE,36
237,0.0,0.0,1.0,@CNN,0.0,The gold rush for black market fish bladders has pushed this tiny porpoise toward extinction #vaquita‚Ä¶ https://t.co/TQfbYwqPZc,37
238,0.5983,0.0,0.822,@CNN,0.178,Voting for CNN Hero of the Year CLOSES Tuesday 12/12 at 11:59pm PT -- VOTE NOW at https://t.co/ANMKKlbytz!‚Ä¶ https://t.co/CuFQv7zB4U,38
239,0.0,0.0,1.0,@CNN,0.0,"Here's your ski resort guide to St. Moritz, Switzerland https://t.co/9NcNA31QQ1 https://t.co/57kMyQRIOa",39
240,0.0,0.0,1.0,@CNN,0.0,"""King of Spin"" Max Clifford dies in UK jail https://t.co/mDlPZdNE9K https://t.co/XodLjZtMLQ",40
241,0.0,0.0,1.0,@CNN,0.0,"Alabama Sen. Richard Shelby says he ""couldn't vote for Roy Moore"" https://t.co/3T8Xq0vCXe https://t.co/mIZijkBue1",41
242,0.6581,0.0,0.695,@CNN,0.305,What a shot! The most amazing sports photos of 2017 https://t.co/bhSvDBYijR https://t.co/P8fBoXNPf2,42
243,0.5096,0.0,0.845,@CNN,0.155,"UN Chief Ant√≥nio Guterres: ""It's essential to understand that refugees are not terrorists. They are the first victi‚Ä¶ https://t.co/x5MU0FygNd",43
244,-0.296,0.104,0.896,@CNN,0.0,Pressure is mounting on Congress to act before year‚Äôs end on Deferred Action for Childhood Arrivals. What they deci‚Ä¶ https://t.co/AwRUbU4BJb,44
245,0.2716,0.0,0.896,@CNN,0.104,"""It is very important for the world...that the US engages,"" UN Chief Antonio Guterres tells @FareedZakaria during a‚Ä¶ https://t.co/FDF9ehtiri",45
246,0.4215,0.066,0.789,@CNN,0.145,"The Honest Company founder Jessica Alba tells @PoppyHarlowCNN that ""it‚Äôs tough when you‚Äôre the only woman in the ro‚Ä¶ https://t.co/14mpfoLC3A",46
247,-0.5267,0.167,0.833,@CNN,0.0,"""This is kind of the new normal,"" says California Gov. Jerry Brown, after a week of raging wildfires‚Ä¶ https://t.co/Sk6Yh2IffQ",47
248,-0.5719,0.198,0.802,@CNN,0.0,She lost her leg after being hit by a drunk driver. Now she empowers fellow amputees to overcome their physical lim‚Ä¶ https://t.co/EVxCuS4uQY,48
249,-0.128,0.086,0.914,@CNN,0.0,A group of precocious kids had some tough questions for Santa Claus on @nbcsnl last night https://t.co/M70oxgiqRJ https://t.co/zDbbuNDoUT,49
250,0.647,0.067,0.669,@CNN,0.264,Rep. Adam Schiff on Russian outreach to Hope Hicks: ‚ÄúIt‚Äôs not at all a surprise that they would make outreach to pe‚Ä¶ https://t.co/MwQM9RE14r,50
251,0.0,0.0,1.0,@CNN,0.0,Instagram is testing a standalone messaging app called Direct https://t.co/0B9ky2jDio https://t.co/EIP9KH2gmO,51
252,0.4215,0.0,0.865,@CNN,0.135,"US Ambassador to the United Nations Nikki Haley: ""Jerusalem is the capital of Israel...whatever is East Jerusalem o‚Ä¶ https://t.co/hnnw3xaf3q",52
253,0.1531,0.1,0.773,@CNN,0.127,US Ambassador to the United Nations Nikki Haley: ‚ÄúI have no concern‚Äù that President Trump‚Äôs Jerusalem decision will‚Ä¶ https://t.co/ZHep68YyhL,53
254,0.4215,0.0,0.877,@CNN,0.123,"US Ambassador to the United Nations Nikki Haley says moving the capital of Israel to Jerusalem will ""move the ball‚Ä¶ https://t.co/DbDpLD6McJ",54
255,0.0,0.0,1.0,@CNN,0.0,"Republican Alabama Sen. Richard Shelby says there's ""something for just about everybody"" in the GOP tax bill‚Ä¶ https://t.co/hy29AebKKk",55
256,0.0772,0.0,0.936,@CNN,0.064,"‚ÄúI want to reiterate again: I didn‚Äôt vote for Roy Moore, I wouldn‚Äôt vote for Roy Moore, I think the Republican Part‚Ä¶ https://t.co/2R9DV9eqAo",56
257,-0.296,0.109,0.891,@CNN,0.0,"Republican Alabama Sen. Richard Shelby on Roy Moore‚Äôs accusers: ‚ÄúI think the women are believable, I have no reason‚Ä¶ https://t.co/cVbHjeOmTy",57
258,0.0,0.0,1.0,@CNN,0.0,"Republican Alabama Sen. Richard Shelby: ‚ÄúI couldn‚Äôt vote for Roy Moore, I didn‚Äôt vote for Roy Moore, I wrote in a d‚Ä¶ https://t.co/Q40njVbgsQ",58
259,0.3818,0.0,0.833,@CNN,0.167,"An Iranian-Turkish gold trader admitted in a US court that he made ""maybe $150 million"" by helping Iran dodge inter‚Ä¶ https://t.co/yg1Kck4Zxt",59
260,-0.6597,0.188,0.812,@CNN,0.0,The rise of a ‚Äòfish mafia‚Äô in this small Mexican town is killing off an entire population of small porpoises.‚Ä¶ https://t.co/AmToMyq64y,60
261,0.0,0.0,1.0,@CNN,0.0,"We all tend to change our voices when talking to babies, but those changes can also vary across cultures. Here's ho‚Ä¶ https://t.co/knCYMFE4kH",61
262,-0.0253,0.131,0.742,@CNN,0.127,"‚ÄúWe're not looking for perfection, we're just looking for better than yesterday."" After rehab changed his life, Aar‚Ä¶ https://t.co/5HRacrBX3M",62
263,-0.3182,0.211,0.675,@CNN,0.114,"Four questions the November jobs report will help to answer:

- How low can unemployment go?

- Any remaining hurri‚Ä¶ https://t.co/3mVntmTOA4",63
264,0.0516,0.0,0.93,@CNN,0.07,Dramatic footage from @sarasidnerCNN shows one of the Southern California wildfires has jumped over a freeway while‚Ä¶ https://t.co/DFuXTPkuja,64
265,-0.4939,0.151,0.849,@CNN,0.0,New imaging finds crescent-shaped eye damage in a woman who tried to view the total solar eclipse in August‚Ä¶ https://t.co/SdkIu6dPPF,65
266,0.5574,0.0,0.847,@CNN,0.153,The stock market has seen a record-breaking ascent this year. But who is actually making money off the boom? Rich p‚Ä¶ https://t.co/CJ8V8KtDJb,66
267,0.4588,0.103,0.675,@CNN,0.222,"Flu season is gaining speed in the United States, especially in the South, after getting off to a slow start‚Ä¶ https://t.co/nFotP1jG5X",67
268,0.0,0.0,1.0,@CNN,0.0,The gold rush for black market fish bladders has pushed this tiny porpoise toward extinction #vaquita‚Ä¶ https://t.co/5Wn1UGNZuC,68
269,0.1027,0.12,0.744,@CNN,0.136,"US jobs continued their strong run in November as employers added 228,000 jobs and the unemployment rate remained a‚Ä¶ https://t.co/NYSqgRvB0s",69
270,0.3612,0.0,0.884,@CNN,0.116,"""Horse people are a community... Leaving one behind is like leaving a child behind ... you just can't do it.""

Hors‚Ä¶ https://t.co/6Y888FVc4X",70
271,-0.296,0.121,0.879,@CNN,0.0,How states that carried Trump to victory avoid one sticky part of the tax bill https://t.co/WJ7mEeH7TA https://t.co/NYXJI8onFY,71
272,0.0,0.0,1.0,@CNN,0.0,"State Department officials defended President Trump's recognition of Jerusalem as Israel's capital, saying it refle‚Ä¶ https://t.co/MfvgXGJ45B",72
273,0.0,0.0,1.0,@CNN,0.0,A woman who made it through a wildfire in Southern California turned her home into a donation site for victims‚Ä¶ https://t.co/psGRaWVtke,73
274,-0.6124,0.278,0.722,@CNN,0.0,Hispanic unemployment in the US is at an all-time low under President Trump https://t.co/pp37gMuqQR https://t.co/W0DQM5JLSY,74
275,0.0,0.0,1.0,@CNN,0.0,"""My life depends on it. I need you to make your vote match your principles, Senator."" A man who says he was recentl‚Ä¶ https://t.co/i8HgQFVMXl",75
276,-0.5423,0.259,0.741,@CNN,0.0,Facebook has made its internal sexual harassment policy public https://t.co/Mnhn3IkTo9 https://t.co/mb3KpYAhZa,76
277,0.0,0.0,1.0,@CNN,0.0,A @CNNMoney reporter bought $250 in bitcoin. Here's what he learned https://t.co/AXbsPWYfWQ https://t.co/OF973bs3zG,77
278,0.2732,0.0,0.905,@CNN,0.095,"References to climate change and the EPA's use of renewable energy have been removed from several of its web pages,‚Ä¶ https://t.co/f4IiBEOLx2",78
279,-0.3626,0.152,0.848,@CNN,0.0,"The critically acclaimed drama ""Big Little Lies"" is officially coming back for another season‚Ä¶ https://t.co/WmE6oKMtVQ",79
280,-0.6597,0.188,0.812,@CNN,0.0,The rise of a ‚Äòfish mafia‚Äô in this small Mexican town is killing off an entire population of small porpoises.‚Ä¶ https://t.co/RE2Aj4GJtB,80
281,-0.2732,0.165,0.717,@CNN,0.118,"The official death toll in Puerto Rico from Hurricane Maria rises to 64, public safety agency says. Investigations‚Ä¶ https://t.co/IM9AcX6okY",81
282,0.0,0.0,1.0,@CNN,0.0,The European Union has blacklisted 17 countries and territories as part of a crackdown on tax havens‚Ä¶ https://t.co/hJGEYT8o0v,82
283,0.0,0.0,1.0,@CNN,0.0,"‚ÄúIt‚Äôs more than a cup of coffee, it‚Äôs a human rights movement‚Äù says Amy Wright, who founded @bittyandbeauscoffee em‚Ä¶ https://t.co/PswOGnrE1K",83
284,0.0,0.0,1.0,@CNN,0.0,"Obama is right ‚Äî US democracy is fragile, writes Ruth Ben-Ghiat https://t.co/3HT3bbHVu6 (via @CNNOpinion) https://t.co/QNX9n7aDvC",84
285,0.0,0.0,1.0,@CNN,0.0,"For the first time in American politics, anonymous ""dark money"" political donations could become tax-deductible‚Ä¶ https://t.co/8vx7gDtlKu",85
286,0.836,0.0,0.639,@CNN,0.361,"University of Oklahoma quarterback Baker Mayfield wins the Heisman Trophy, as college football's best player‚Ä¶ https://t.co/e9BpQH8fDi",86
287,-0.4026,0.169,0.732,@CNN,0.099,"Bitcoin's phenomenal rise this year may be making speculators very rich, but some observers say it's terrible for t‚Ä¶ https://t.co/RJ1TEaPxQR",87
288,0.128,0.091,0.788,@CNN,0.121,Black market demand for fish bladders created the Wild West at sea #vaquita https://t.co/gisBTmEWJM https://t.co/zdRvSXSoaF,88
289,-0.6113,0.25,0.75,@CNN,0.0,7 images that show why the Southern California wildfires are so dangerous https://t.co/L1J7JTqkoc https://t.co/oxPbXQkz59,89
290,-0.3818,0.147,0.784,@CNN,0.069,"Larry Nassar, the former USA Gymnastics doctor who admitted to sexually abusing underage girls, has been sentenced‚Ä¶ https://t.co/ybnYj5BEKU",90
291,0.2263,0.0,0.905,@CNN,0.095,President Trump will undergo a physical examination early next year and allow doctors to release details of his med‚Ä¶ https://t.co/ZB8W7Kmh7F,91
292,-0.4215,0.128,0.872,@CNN,0.0,Singapore Airlines changed a flight route between Asia and the US earlier this year because of fears over North Kor‚Ä¶ https://t.co/JQ4OcaqMJr,92
293,-0.6705,0.191,0.809,@CNN,0.0,He was shot and killed by Chicago police in 2014. But that‚Äôs just the beginning of this story. #BeneathTheSkin‚Ä¶ https://t.co/w7OAWo1MAK,93
294,-0.5994,0.197,0.803,@CNN,0.0,"To combat drug use, this gas station is installing blue lighting that makes it difficult for addicts to see their v‚Ä¶ https://t.co/9hDGEOd0kl",94
295,-0.296,0.115,0.885,@CNN,0.0,The US Air Force is developing a weapon that could potentially be used to disable North Korean missiles‚Ä¶ https://t.co/lFN7EsA7rd,95
296,0.0,0.0,1.0,@CNN,0.0,"A man walking his dog on a British Columbia beach found a foot in a shoe, along with part of a leg. It's the 13th f‚Ä¶ https://t.co/JCo4e9vIV2",96
297,-0.34,0.124,0.876,@CNN,0.0,‚ÄúSamir Lakhani was a college student when he started his nonprofit @ecosoapbank taking discarded soap from hotels a‚Ä¶ https://t.co/EXCOg1AGC0,97
298,0.0,0.0,1.0,@CNN,0.0,"RT @cnnbrk: Several people threw burning objects at a synagogue in Gothenburg, Sweden, late Saturday, police said. The incident is under in‚Ä¶",98
299,-0.4391,0.145,0.855,@CNN,0.0,"From movie star to entrepreneur ‚Äì Jessica Alba tells @PoppyHarlowCNN that she ""was always very uncomfortable with t‚Ä¶ https://t.co/JPAuZnk1uB",99
300,0.2263,0.0,0.921,@FoxNews,0.079,".@guypbensonon GOP tax plan: ""While it may not raise wages, it will allow people to keep more of their own money ra‚Ä¶ https://t.co/yoUxI14PNk",0
301,-0.25,0.134,0.776,@FoxNews,0.091,".@SteveHiltonx: ""Republicans are wrong to claim that their tax bill will raise incomes as well. They don't seem to‚Ä¶ https://t.co/CN9RDW4k0n",1
302,0.4404,0.0,0.756,@FoxNews,0.244,"Tigertown: Morris, Trammell elected to baseball Hall of Fame https://t.co/k4oeC4B79M",2
303,0.5759,0.0,0.629,@FoxNews,0.371,Jerry Brown: Trump doesn't fear 'the wrath of God' https://t.co/Vf4DSUpfZl,3
304,0.3612,0.0,0.839,@FoxNews,0.161,"Democratic campaign flyer compares Roy Moore to George Wallace, says he supports segregation https://t.co/7ewJ1ob2gm",4
305,-0.6597,0.375,0.625,@FoxNews,0.0,Mike Huckabee: Chelsea Handler's 'Vicious Attacks' Are Beginning to Backfire https://t.co/8aVWEi3DuZ,5
306,0.4588,0.159,0.511,@FoxNews,0.33,Goodell surprises terminally ill NY volunteer firefighter with Super Bowl tickets https://t.co/2VxzZSbKx0,6
307,-0.3182,0.248,0.588,@FoxNews,0.163,"Armie Hammer apologizes for comments about Casey Affleck, sexual assault https://t.co/YsRDA3MtYl",7
308,0.0,0.0,1.0,@FoxNews,0.0,RIGHT NOW: Brian @Kilmeade Goes Inside the Life and Legacy of Andrew Jackson - Tune in at 8p &amp; 11p ET on Fox News C‚Ä¶ https://t.co/xzmRjuuV8G,8
309,-0.4215,0.259,0.741,@FoxNews,0.0,Pence responds to Abbas snub over Jerusalem decision https://t.co/qinBMGmKac,9
310,0.0258,0.169,0.657,@FoxNews,0.174,'Coco' wins the box office again as theaters prepare for 'Star Wars: The Last Jedi' https://t.co/17yNivHLb7,10
311,-0.6249,0.291,0.709,@FoxNews,0.0,Rep. King: Worst Thing Trump Could Do Is Remove Mueller https://t.co/PkH1lj73CG,11
312,0.5267,0.0,0.841,@FoxNews,0.159,RT @EricShawnTV: Not just Russia: A new call tonight for a 2nd Independent Counsel to investigate the #Obama Justice Department's handling‚Ä¶,12
313,-0.7506,0.39,0.61,@FoxNews,0.0,"Woman who looked at eclipse suffered crescent-shaped eye damage, study shows https://t.co/OHsZnVVkmv",13
314,0.6908,0.0,0.637,@FoxNews,0.363,OPINION: North Korea won't start a war - @realDonaldTrump shouldn't launch an attack https://t.co/PkqBVrsoDj,14
315,0.6329,0.0,0.68,@FoxNews,0.32,"OPINION: Obama still doesn‚Äôt get it ‚Äì optimism, not whining, grows an economy https://t.co/wvdPYwYMLp",15
316,0.0,0.0,1.0,@FoxNews,0.0,"Jonathan Wachtel on @POTUS' Israel decision: ""Of course there's a lot of concern in the world about where all this‚Ä¶ https://t.co/U68BNEXiW2",16
317,0.0,0.0,1.0,@FoxNews,0.0,"Jonathan Wachtel on @POTUS' Israel decision: ""Look at that speech word by word and you will see plenty of room in t‚Ä¶ https://t.co/HA7laZSQVo",17
318,0.3818,0.0,0.874,@FoxNews,0.126,"Jonathan Wachtel on @POTUS' Israel decision: ""President #Trump isn't the only US president to have taken a bold ste‚Ä¶ https://t.co/I6XgbQOMkr",18
319,0.1511,0.0,0.91,@FoxNews,0.09,".@RepDougCollins on @HillaryClinton investigation: ""[Clinton] has been around this town, she was not unaware of wha‚Ä¶ https://t.co/q8jgNevL4t",19
320,-0.4939,0.225,0.775,@FoxNews,0.0,"Hundreds of homes destroyed in California wildfires, @WillCarrFNC reports. @ANHQDC https://t.co/D1aSjJ5SWz https://t.co/a4a42SHdGy",20
321,-0.8398,0.454,0.546,@FoxNews,0.0,'Stain on America!' @realDonaldTrump denounces 'Fake News Media' after string of major reporting errors exposed https://t.co/lcX2qh2WuV,21
322,-0.4215,0.167,0.833,@FoxNews,0.0,Roy Moore denies misconduct allegations in new interview: 'I did not date underaged women' https://t.co/QiGmosf6eG,22
323,0.34,0.0,0.833,@FoxNews,0.167,"North Korea is hacking bitcoin exchanges as currency value soars, expert says https://t.co/jBDuJAYBjG",23
324,0.0,0.0,1.0,@FoxNews,0.0,TONIGHT: Brian @Kilmeade Goes Inside the Life and Legacy of Andrew Jackson - Tune in at 8p &amp; 11p ET on Fox News Cha‚Ä¶ https://t.co/vK2B5y9nBz,24
325,0.3612,0.0,0.828,@FoxNews,0.172,Pelosi suggests Trump early days in office like neophyte performing 'brain surgery' https://t.co/fjDqHcSYw7,25
326,0.0,0.0,1.0,@FoxNews,0.0,"At his rally Friday in Florida, @POTUS reiterated his hard-line stance on immigration. https://t.co/23mOEFXJ7a https://t.co/lTWYHgjgJS",26
327,0.0,0.0,1.0,@FoxNews,0.0,".@JudgeJeanine: ""There have been times in our history where corruption and lawlessness were so pervasive, that exam‚Ä¶ https://t.co/ch5iDTkxxW",27
328,0.0,0.0,1.0,@FoxNews,0.0,"Intruder shot in Pennsylvania home invasion attempt was homeowner's relative, police say https://t.co/GLQCZ1cKBV",28
329,0.0,0.0,1.0,@FoxNews,0.0,#ALSen Poll Average: Moore leads Jones 49.1% to 45.3%. https://t.co/1EIM8OFjvy,29
330,0.5267,0.0,0.812,@FoxNews,0.188,".@GOPLeader: ""I have never watched a President so engaged... He wants to keep his promise to create more jobs and m‚Ä¶ https://t.co/RU4nIm3bbK",30
331,0.3612,0.0,0.706,@FoxNews,0.294,Do you agree with @JudgeJeanine? https://t.co/gllDDJFkna https://t.co/eCZmbrOiET,31
332,-0.34,0.167,0.833,@FoxNews,0.0,'Nancy Pelosi Is a Stooge': Bossie Reacts After House Minority Leader Criticizes Trump https://t.co/mIR88peLdE,32
333,0.3182,0.15,0.612,@FoxNews,0.238,"Haley: Trump's Jerusalem decision will 'fastball' peace, stop Israel 'bashing' https://t.co/xvsPJ0HS4D",33
334,0.7717,0.0,0.739,@FoxNews,0.261,RT @EricShawnTV: I anchor at 6pm ET @FoxNews: The @POTUS @realDonaldTrump Peace plan for #Israel and the #Palestinians. Can he succeed? Her‚Ä¶,34
335,-0.8481,0.406,0.594,@FoxNews,0.0,Netanyahu slams Turkey's Erdogan for claiming Israel is 'terrorist state' that 'kills children' https://t.co/GH4kgtHMOX,35
336,0.5994,0.0,0.786,@FoxNews,0.214,".@PressSec: ""It's laughable that President Obama thinks he has anything to do with the success of where the economy‚Ä¶ https://t.co/0kFm8uaokf",36
337,0.6808,0.0,0.752,@FoxNews,0.248,"Mike Eruzione, 1980 U.S. Men's Hockey Captain: ""[@POTUS] is somebody that you should respect. Whether you agree or‚Ä¶ https://t.co/PsJTcCcjON",37
338,0.0772,0.0,0.92,@FoxNews,0.08,".@HeyTammyBruce: ""Since [@POTUS] was elected, 2.2 million jobs were created... We want that to continue."" https://t.co/lLHFVOxS3I",38
339,0.3612,0.0,0.889,@FoxNews,0.111,"Catholic priest tells black family he was 'blinded by hate,' apologizes for burning cross 40 years ago on their law‚Ä¶ https://t.co/yYp2wOXPum",39
340,0.3612,0.0,0.706,@FoxNews,0.294,Do you agree with @JudgeJeanine? https://t.co/gllDDJWVLK https://t.co/n5U8fvV8OP,40
341,0.0,0.0,1.0,@FoxNews,0.0,"Presidents @BillClinton, George W. Bush, and @BarackObama all declared Jerusalem the capital of Israel. https://t.co/Ah7klpcFFy",41
342,-0.6597,0.375,0.625,@FoxNews,0.0,Rutgers announces punishment for professor accused of making anti-Semitic remarks https://t.co/DEfcQtRVpG,42
343,0.0,0.0,1.0,@FoxNews,0.0,The San Diego Fire-Rescue Department suited up Emily the arson investigation dog amid concern she was inhaling smok‚Ä¶ https://t.co/StVyPJ6lQr,43
344,-0.0772,0.28,0.514,@FoxNews,0.206,".@WWE wrestler Rich Swann arrested, charged with battery of wrestler wife. https://t.co/9sNI5GCsUR",44
345,-0.4019,0.144,0.856,@FoxNews,0.0,"On @ffweekend, @SheriffClarke slammed Rep. John Lewis for boycotting @POTUS's appearance at a Civil Rights museum i‚Ä¶ https://t.co/ThZPN1yHx5",45
346,0.0,0.0,1.0,@FoxNews,0.0,Boxer Stephen Smith's ear almost ripped off in Vegas bout https://t.co/ZyyeRusMD8,46
347,0.3182,0.15,0.612,@FoxNews,0.238,"Haley: Trump's Jerusalem decision will 'fastball' peace, stop Israel 'bashing' https://t.co/xvsPJ0HS4D",47
348,0.0,0.0,1.0,@FoxNews,0.0,Princes William and Harry pick sculptor for Princess Diana statue https://t.co/TQ7F6Mso9F,48
349,0.0,0.0,1.0,@FoxNews,0.0,#ALSen Poll Average: Moore leads Jones 49.1% to 45.3%. https://t.co/6Y2a2VAfBf,49
350,0.3818,0.0,0.822,@FoxNews,0.178,Sarah Sanders: 'Laughable' for Obama to Try to Take Credit for Economy https://t.co/BxoqvvIAM8,50
351,-0.128,0.29,0.467,@FoxNews,0.243,Comedian @hannibalburess arrested for disorderly intoxication https://t.co/oAqQxCQMKU,51
352,0.0,0.0,1.0,@FoxNews,0.0,.@Wendys trolls fast food hack on Twitter https://t.co/Ti1zUMjJ3y,52
353,0.0,0.0,1.0,@FoxNews,0.0,".@GovMikeHuckabee: ""[@ChelseaHandler's] called a late night host. I think it's so late now that she's not on anymor‚Ä¶ https://t.co/z0LKHSdXqr",53
354,0.5423,0.0,0.741,@FoxNews,0.259,.@nikkihaley: Jerusalem Decision Will Speed Up Middle East Peace Process https://t.co/GvI110MnKT,54
355,0.34,0.0,0.821,@FoxNews,0.179,"Hillary Clinton portrait alerts security dogs, causes road closures in Miami https://t.co/crgFOpcXCM",55
356,0.5267,0.0,0.848,@FoxNews,0.152,".@JudgeJeanine: ""There is a cleansing needed in our FBI and Department of Justice. It needs to be cleansed of indiv‚Ä¶ https://t.co/EQixmUybUe",56
357,0.4019,0.0,0.816,@FoxNews,0.184,"Comstock opposes GOP support for Moore, suggests he'll face Hill ethics probe https://t.co/uxLqnZwwNt",57
358,0.3612,0.0,0.839,@FoxNews,0.161,.@NancyPelosi suggests @POTUS early days in office like neophyte performing 'brain surgery' https://t.co/WLfeOGxAOs https://t.co/UIfS8LqtL2,58
359,0.0,0.0,1.0,@FoxNews,0.0,WATCH Part 2 of @nikkihaley's interview about @POTUS' Jerusalem decision and North Korea sanctions on‚Ä¶ https://t.co/vxHSb2PmTk,59
360,-0.296,0.099,0.901,@FoxNews,0.0,".@SheriffClarke: ""If it weren't for the Republicans in Congress in the 1960s, there would be no Civil Rights Act. T‚Ä¶ https://t.co/oh6PowT7Nn",60
361,-0.4019,0.144,0.856,@FoxNews,0.0,"On @ffweekend, @SheriffClarke slammed Rep. John Lewis for boycotting @POTUS's appearance at a Civil Rights museum i‚Ä¶ https://t.co/rzkhptkwKc",61
362,0.0,0.0,1.0,@FoxNews,0.0,WATCH Part 1 of @nikkihaley's interview about @POTUS' Jerusalem decision and North Korea sanctions on‚Ä¶ https://t.co/4ywwlcXajG,62
363,0.0,0.0,1.0,@FoxNews,0.0,TONIGHT: Brian @Kilmeade Goes Inside the Life and Legacy of Andrew Jackson - Tune in at 8p &amp; 11p ET on Fox News Cha‚Ä¶ https://t.co/MVXkKU7bA0,63
364,-0.2732,0.244,0.593,@FoxNews,0.163,"Swiss woman angry over champagne refusal ejected from plane 

https://t.co/DsVESiiYWO",64
365,0.0516,0.088,0.816,@FoxNews,0.095,"RT @EricShawnTV: I anchor @FoxNews at 4 &amp; 6 pm ET: ""If North Korea even attempts to try and threaten the United States or any one of our al‚Ä¶",65
366,0.7717,0.0,0.539,@FoxNews,0.461,"Moments ago, @FLOTUS called for charitable giving as the holidays approach. https://t.co/bMqn6mBKMs",66
367,-0.3384,0.107,0.893,@FoxNews,0.0,".@nikkihaley on North Korea sanctions: ""The last time [China] completely cut off the oil, North Korea came to the t‚Ä¶ https://t.co/KddIYS43iP",67
368,-0.7869,0.318,0.682,@FoxNews,0.0,".@nikkihaley on Jerusalem decision: ""When you bully Israel, you are not helping the peace process. We see Israel as‚Ä¶ https://t.co/pxZtiiahOq",68
369,-0.8074,0.422,0.578,@FoxNews,0.0,"California wildfires kill at least 1 as high winds threaten more outbreaks 

https://t.co/9rLHJ0OZFP",69
370,0.4939,0.0,0.738,@FoxNews,0.262,"On @ffweekend, @Varneyco praised @POTUS's handling of the economy. https://t.co/0QufAxXL4E",70
371,0.7003,0.0,0.707,@FoxNews,0.293,".@nikkihaley on Jerusalem decision: ""We will respect anything that the two parties come together on.""‚Ä¶ https://t.co/K5Mpz3e8nh",71
372,0.2732,0.0,0.877,@FoxNews,0.123,".@nikkihaley on Jerusalem decision: ""[@POTUS] strongly believes that those final statuses should be decided between‚Ä¶ https://t.co/Ib5Hi7UCF1",72
373,0.0,0.0,1.0,@FoxNews,0.0,".@nikkihaley on Jerusalem decision: ""We didn't set any parameters, we didn't say this was the final status, what we‚Ä¶ https://t.co/Iwdk8B9tvQ",73
374,-0.7269,0.217,0.783,@FoxNews,0.0,"RT @EricShawnTV: I anchor @FoxNews at 4 &amp; 6 pm ET: ISIS is defeated in Iraq. Can it last, and will we ultimately defeat the jihad philosoph‚Ä¶",74
375,0.6124,0.0,0.762,@FoxNews,0.238,".@nikkihaley on backlash of Jerusalem decision: ""Leaders understand that courage is important. We don't do things j‚Ä¶ https://t.co/rhZrTA76NQ",75
376,0.0,0.0,1.0,@FoxNews,0.0,".@nikkihaley on @POTUS' Jerusalem decision: ""The U.S. has always had it's embassy in the capital city and so Israel‚Ä¶ https://t.co/rJ1OLyQAMd",76
377,0.0,0.0,1.0,@FoxNews,0.0,"At his rally Friday in Florida, @POTUS reiterated his hard-line stance on immigration. https://t.co/23mOEFXJ7a https://t.co/KUwWhi4QFG",77
378,0.5388,0.111,0.632,@FoxNews,0.257,".@HeyTammyBruce: ""The Republican Party does not have a really good track record on winning, they don‚Äôt have a reall‚Ä¶ https://t.co/kg1UAYkZjJ",78
379,0.0,0.0,1.0,@FoxNews,0.0,"On @ffweekend, Mike Eruzione, captain of the 1980 US Men's Olympic Hockey team, gave his take on whether athletes s‚Ä¶ https://t.co/o3VImAYcWa",79
380,0.0,0.0,1.0,@FoxNews,0.0,"On @ffweekend, @LawrenceBJones3 slammed those claiming that @POTUS and his campaign colluded with Russia. https://t.co/ouaMEfWl5F",80
381,0.0,0.0,1.0,@FoxNews,0.0,".@PeterRoskam: ""We've got to figure out how to give more middle income tax relief."" https://t.co/0DKmHTLoHe",81
382,0.0,0.0,1.0,@FoxNews,0.0,TONIGHT: Brian @Kilmeade Goes Inside the Life and Legacy of Andrew Jackson - Tune in at 8p &amp; 11p ET on Fox News Cha‚Ä¶ https://t.co/bLxYx2BMk8,82
383,0.3612,0.0,0.706,@FoxNews,0.294,Do you agree with @JudgeJeanine? https://t.co/gllDDJFkna https://t.co/ZTS5lXkiZ3,83
384,0.34,0.0,0.821,@FoxNews,0.179,"Hillary Clinton portrait alerts security dogs, causes road closures in Miami https://t.co/crgFOpuz1m",84
385,-0.7351,0.237,0.763,@FoxNews,0.0,"""[Medgar Evers] fought in Normandy in the 2nd World War, and when he came back home to Mississippi he kept fighting‚Ä¶ https://t.co/vzgXzE8nlC",85
386,-0.6249,0.313,0.687,@FoxNews,0.0,.@RepPeteKing: Worst Thing @POTUS Could Do Is Remove Mueller https://t.co/PkH1lj73CG,86
387,-0.1531,0.082,0.918,@FoxNews,0.0,".@MariaBartiromo: ""What do you do about a politicization of the @FBI?""

Former AG Mukasey: ""You expose it and stop‚Ä¶ https://t.co/SmXClYD5q1",87
388,-0.2732,0.244,0.593,@FoxNews,0.163,Swiss woman angry over champagne refusal ejected from plane https://t.co/DsVESiiYWO,88
389,-0.8074,0.422,0.578,@FoxNews,0.0,"California wildfires kill at least 1 as high winds threaten more outbreaks 

https://t.co/9rLHJ0OZFP",89
390,-0.3818,0.147,0.776,@FoxNews,0.078,RT @EricShawnTV: A top #UN official goes to North Korea. Will the visit help...or hurt? Here's @AmbJohnBolton @FoxNews with me: https://t.c‚Ä¶,90
391,0.296,0.0,0.784,@FoxNews,0.216,News Alert: Roy Moore campaign releases @POTUS robocall. https://t.co/qOHk1nyEST,91
392,-0.8442,0.394,0.606,@FoxNews,0.0,Post reporter Trump wants fired for 'bad tweet' resigned from paper in 2010 after similar incident https://t.co/PrZOcoisFn,92
393,0.4939,0.0,0.738,@FoxNews,0.262,"On @ffweekend, @Varneyco praised @POTUS's handling of the economy. https://t.co/GhimqtVYBZ",93
394,0.3818,0.0,0.86,@FoxNews,0.14,"On @WattersWorld, @PressSec Sarah Sanders slammed former President @BarackObama for taking credit for the economy u‚Ä¶ https://t.co/fYNHug8kf5",94
395,-0.128,0.203,0.629,@FoxNews,0.168,Watch: Palestinian stabs Israeli security guard in Jerusalem https://t.co/ker49EDaoa #FoxNewsWorld https://t.co/yVFS9DLhWW,95
396,0.0,0.0,1.0,@FoxNews,0.0,Three members of the San Francisco @49ers kneel during the national anthem before their game against the‚Ä¶ https://t.co/QZorKyM2jj,96
397,0.5267,0.0,0.812,@FoxNews,0.188,"@GOPLeader: ""I have never watched a President so engaged... He wants to keep his promise to create more jobs and ma‚Ä¶ https://t.co/1JcTSYIigS",97
398,-0.9231,0.451,0.549,@FoxNews,0.0,"Israel is 'terrorist state' that 'kills children,' Turkish president says, as violence flares in Lebanon after Trum‚Ä¶ https://t.co/XfuD9pQOgy",98
399,0.0,0.0,1.0,@FoxNews,0.0,Firefighters dealing with major new flare up of wildfires in Southern California; @WillCarrFNC reports. https://t.co/oh5SGMNpeN,99
400,0.0,0.0,1.0,@nytimes,0.0,Op-Ed Columnist: Susan Collins and the Duping of Centrists https://t.co/sGjJ28NHxJ,0
401,-0.5574,0.286,0.714,@nytimes,0.0,"In a Blow to Hamas, Israel Destroys Tunnel From Gaza https://t.co/qvmAm1MCIY",1
402,0.34,0.113,0.645,@nytimes,0.242,"""Dark"" plays like a slower, artsier, more complicated take on ""Stranger Things,"" our critic writes https://t.co/mwFkGjnwjd",2
403,0.0,0.0,1.0,@nytimes,0.0,2017: The Year in New York https://t.co/oMSRlih8ib,3
404,-0.743,0.344,0.656,@nytimes,0.0,President Trump called for a Washington Post reporter to be fired over a misleading tweet https://t.co/NLAYpP1rDI,4
405,-0.5267,0.167,0.833,@nytimes,0.0,"Melting glaciers, wicked hot summers, water crises. These are the climate stories to read from this year. https://t.co/6tmy4MU3z0",5
406,-0.3597,0.122,0.878,@nytimes,0.0,A dying man had ‚Äúdo not resuscitate‚Äù tattooed on his chest. Doctors said it ‚Äúproduced more confusion than clarity.‚Äù https://t.co/d1C8KThhvB,6
407,0.4019,0.0,0.597,@nytimes,0.403,The Look: After-School Special https://t.co/MDkn8XkFiy,7
408,0.6652,0.14,0.613,@nytimes,0.247,The risk can‚Äôt be ignored but isn‚Äôt as great as it may seem from a recent study https://t.co/VYh6cV0i4H,8
409,0.0,0.0,1.0,@nytimes,0.0,Op-Ed Contributor: The Man Who Danced on the Heads of Snakes https://t.co/WBlhVk3eLq,9
410,-0.296,0.099,0.901,@nytimes,0.0,The American ambassador to the UN said that the women who have accused Trump of sexual misconduct ‚Äúshould be heard‚Äù https://t.co/tgad1uL3Qp,10
411,0.4173,0.0,0.866,@nytimes,0.134,"Luke Skywalker‚Äôs lineage is a narrative backbone in ""Star Wars."" So it's natural to wonder: who are Rey's parents?‚Ä¶ https://t.co/w9Mfts2iaA",11
412,-0.5859,0.275,0.725,@nytimes,0.0,How ISIS Produced Its Cruel Arsenal on an Industrial Scale https://t.co/afprGpE6NB,12
413,-0.4767,0.11,0.89,@nytimes,0.0,"RT @nytopinion: Over the last 50 years or so, the rules about a woman‚Äôs place were shattered. I saw all this happen, and it knocks me out w‚Ä¶",13
414,0.0,0.0,1.0,@nytimes,0.0,"Porgs, Ewoks and Rathtars: A Field Guide to ‚ÄòStar Wars‚Äô Creatures https://t.co/S6siGWTZYo",14
415,-0.7835,0.417,0.583,@nytimes,0.0,Boris Johnson leaves Tehran without a clear statement on imprisoned Brits and a tank dispute https://t.co/M9iwZQJbF4,15
416,-0.3818,0.157,0.843,@nytimes,0.0,An NYT reader's reaction to an article about President Trump‚Äôs daily fight for self-preservation‚Ä¶ https://t.co/F705vf9Qoi,16
417,-0.3415,0.266,0.575,@nytimes,0.159,"‚ÄúThe Disaster Artist‚Äù had a very strong weekend, taking in $6.4 million in relatively limited release https://t.co/aqQ9xFGouJ",17
418,0.0,0.0,1.0,@nytimes,0.0,Louis C.K. will buy back the rights to his film after sexual misconduct allegations led to the movie‚Äôs shelving https://t.co/F92nFIGdzZ,18
419,0.0,0.0,1.0,@nytimes,0.0,"This ""Odyssey"" strips away formulaic language to let the characters take center stage https://t.co/EMx7fd4Q8S",19
420,0.3182,0.077,0.773,@nytimes,0.149,Sometimes it‚Äôs hard to keep track of what‚Äôs arriving when. But we‚Äôre here to help. https://t.co/peCXk6zyrC,20
421,0.0,0.0,1.0,@nytimes,0.0,"Alexandra Bell puts The New York Times under the microscope, and offers her own ‚Äúcounternarratives‚Äù of the news‚Ä¶ https://t.co/kPDfkmDx1g",21
422,-0.6597,0.197,0.803,@nytimes,0.0,"‚ÄúWe were all born to die.‚Äù In our video, we follow a mother who fights her own personal demons as her son fights ca‚Ä¶ https://t.co/s69owvxKdo",22
423,0.0,0.0,1.0,@nytimes,0.0,A tour of Los Angeles‚Äôs flourishing pot scene https://t.co/lzSpDtPJkq,23
424,0.5719,0.0,0.761,@nytimes,0.239,"In a live TV remake of the holiday classic ""A Christmas Story,"" Jane Krakowski plays Ralphie's teacher https://t.co/r1s6lxmM05",24
425,-0.4588,0.158,0.842,@nytimes,0.0,"As Alabama's Senate race winds down, residents are lamenting that policy issues didn't seize the spotlight https://t.co/5RaJtzyHAg",25
426,0.2023,0.0,0.795,@nytimes,0.205,"The week‚Äôs top stories, and a look ahead https://t.co/zoAsvlH7W5",26
427,0.0,0.0,1.0,@nytimes,0.0,RT @danielle_ivory: NEW: Confidential internal EPA documents obtained by the @nytimes show that a slowdown of enforcement coincides with po‚Ä¶,27
428,0.6369,0.0,0.811,@nytimes,0.189,"RT @nytimesbooks: Did you love ""Brown Girl Dreaming""? @JackieWoodson will publish 2 new books for young readers next year. https://t.co/9jj‚Ä¶",28
429,0.0498,0.151,0.69,@nytimes,0.159,"Watching the ""Me, Too"" campaign, some particularly courageous Afghan women are more willing to talk about assaults https://t.co/Ws52CUJm2o",29
430,-0.5574,0.284,0.606,@nytimes,0.11,"He's 22, she's 81, and their friendship is melting hearts. A forgotten war orphan. The weird pot scene in L.A. https://t.co/epDpoj7vEX",30
431,0.6652,0.14,0.613,@nytimes,0.247,The risk can‚Äôt be ignored but isn‚Äôt as great as it may seem from a recent study https://t.co/M0Gfsl6tft,31
432,-0.296,0.099,0.901,@nytimes,0.0,The American ambassador to the UN said that the women who have accused Trump of sexual misconduct ‚Äúshould be heard‚Äù https://t.co/eN6Wg9hVRo,32
433,-0.4939,0.208,0.792,@nytimes,0.0,‚ÄúThere is no place for anti-Semitism in our Swedish society. The perpetrators will answer for their crimes.‚Äù https://t.co/4MdjtivD9Z,33
434,0.0,0.0,1.0,@nytimes,0.0,Pick up the phone rather than relying on apps https://t.co/j2WY3UJNOs,34
435,0.0,0.0,1.0,@nytimes,0.0,The map was expected to sell for over $1 million but was withdrawn from a Christie's sale https://t.co/yfDF7nfIXE,35
436,0.0,0.0,1.0,@nytimes,0.0,Who are Rey's parents? The internet has theories. https://t.co/YnIOnS6jJX https://t.co/U4qIOOS7Rt,36
437,0.4215,0.0,0.877,@nytimes,0.123,Watch: Ashley Iorio and David Sands met at the United States Naval Academy and were wed on Veterans Day #Daily360‚Ä¶ https://t.co/zsM8BN4HxV,37
438,0.0,0.0,1.0,@nytimes,0.0,"In an improbable turn of events, the sound of silence went viral https://t.co/oLYdOmma20",38
439,0.0,0.0,1.0,@nytimes,0.0,"How to know if an app is appropriate for children, or even educational https://t.co/4LqtR4iPFg",39
440,0.5106,0.0,0.751,@nytimes,0.249,At center stage of what looked like a Nine Inch Nails concert was Taylor Swift https://t.co/ByBFKKZWg1,40
441,0.4019,0.0,0.863,@nytimes,0.137,"Senator Richard Shelby, a fixture of Republican politics in Alabama, said on national television that the party cou‚Ä¶ https://t.co/zJePeEuBgO",41
442,0.3818,0.153,0.597,@nytimes,0.25,Opinion: It's been brutal for anyone who believes America‚Äôs public lands are best left in their natural state https://t.co/LzyFFs4u9h,42
443,0.3612,0.163,0.571,@nytimes,0.265,We‚Äôre interested in hearing from parents whose children faced a serious illness. We invite you to share your experi‚Ä¶ https://t.co/U9UaNOtkNf,43
444,0.0,0.0,1.0,@nytimes,0.0,"‚ÄúThey gave me 50/50, but we‚Äôve changed it to 51/49, so that I have the upper hand."" https://t.co/WpJn4eejKV https://t.co/VZqrtaXUDY",44
445,-0.743,0.344,0.656,@nytimes,0.0,President Trump called for a Washington Post reporter to be fired over a misleading tweet https://t.co/60rquXrO18,45
446,-0.2263,0.106,0.894,@nytimes,0.0,Thousands of protesters chanted slogans against Trump‚Äôs decision to recognize Jerusalem as the capital of Israel https://t.co/icMzSfgJ0k,46
447,0.6249,0.0,0.746,@nytimes,0.254,Rising incomes allow China‚Äôs retirees to enjoy a retirement that would have been unthinkable for their parents https://t.co/w4gBshsfmM,47
448,0.0,0.0,1.0,@nytimes,0.0,RT @EricLiptonNYT: There's widespread evidence that the Trump admin has been rolling back federal regulations. How about enforcement target‚Ä¶,48
449,-0.3382,0.333,0.455,@nytimes,0.212,@lucasgrindley We lost that challenge. Sorry about the error. Thanks for catching it! https://t.co/sZeNajXoe4,49
450,-0.7506,0.368,0.632,@nytimes,0.0,The EPA under President Trump has slowed down efforts to punish polluters https://t.co/R1s7qP5oTR,50
451,-0.1007,0.265,0.556,@nytimes,0.179,@AnonyMs_One Thanks for alerting us to the error. Sorry about that! https://t.co/sZeNajXoe4,51
452,0.8555,0.0,0.625,@nytimes,0.375,"Modern Love: What 9 years of therapy and ""open"" Scrabble taught her about love https://t.co/qAJC03ajuk (Correction:‚Ä¶ https://t.co/SepmMvhYqT",52
453,-0.5423,0.239,0.697,@nytimes,0.065,Max Clifford was serving an 8-year sentence for sexual offenses against victims as young as 15 https://t.co/XqLWWte10z,53
454,0.0,0.0,1.0,@nytimes,0.0,Your cat tattoo can have your actual cat in it https://t.co/4pxWo0GJ4F,54
455,0.0,0.0,1.0,@nytimes,0.0,"We interviewed members of 7 families who have spoken to parents, grandparents, sons or daughters about sexual assau‚Ä¶ https://t.co/RGe2KNXXEI",55
456,0.1298,0.0,0.939,@nytimes,0.061,"In most places, a dollar is a dollar. But in the tax plan, the amount you make may be less important than how you m‚Ä¶ https://t.co/Zx7pr7K69P",56
457,0.6486,0.0,0.725,@nytimes,0.275,"Ojai is a picturesque town known for healthy, spiritual living. The California fires have disrupted that. https://t.co/bPYRgMz3es",57
458,0.4404,0.0,0.868,@nytimes,0.132,Some consumers are finding they can get a better deal on prescription drugs by leaving their insurance cards at home https://t.co/qK3Wrewxyp,58
459,0.0,0.0,1.0,@nytimes,0.0,"The Stone: For Veterans, a Path to Healing ‚ÄòMoral Injury‚Äô https://t.co/69S0AXL1cF",59
460,0.5106,0.102,0.667,@nytimes,0.231,"Trump sees the presidency as a prize he must fight to protect every waking moment, and Twitter is his Excalibur‚Ä¶ https://t.co/6aEvx25mLU",60
461,0.0,0.0,1.0,@nytimes,0.0,"Jerusalem is not just its postcard vistas. The day-in, day-out friction can be draining. https://t.co/kQqIbm7cqC",61
462,0.2584,0.0,0.903,@nytimes,0.097,"‚ÄúPlease do not shoot me"": Newly released body camera footage shows a police officer shooting an unarmed man in Ariz‚Ä¶ https://t.co/gN14S1iQu1",62
463,-0.2263,0.16,0.84,@nytimes,0.0,Protests in Lebanon Near U.S. Embassy After Trump‚Äôs Jerusalem Decision https://t.co/rhTl1as2l0,63
464,0.0,0.0,1.0,@nytimes,0.0,"92 Somali citizens were flown out of the U.S. under orders of deportation, but their plane never made it to Somalia https://t.co/o0dc6Jm9A2",64
465,-0.3182,0.113,0.887,@nytimes,0.0,"What Trump‚Äôs decision to recognize Jerusalem as Israel‚Äôs capital means for the city, the conflict and the world https://t.co/TMzXarFvfL",65
466,0.5574,0.0,0.714,@nytimes,0.286,Janet Yellen Didn‚Äôt Set Out to Be a Feminist Hero https://t.co/ZBBXFKq6qG,66
467,0.0,0.0,1.0,@nytimes,0.0,"How Luke Bryan and Blake Shelton, 2 of Nashville‚Äôs biggest stars, are adapting to country‚Äôs new ways https://t.co/v9ZM6v9Rqr",67
468,-0.2263,0.242,0.605,@nytimes,0.153,She survived a brain tumor at age 4. It was just the start of her fight. https://t.co/JmOzuWU2wz,68
469,0.4767,0.0,0.78,@nytimes,0.22,A new way of measuring school performance turns up some unexpected winners https://t.co/gU9YlIGWja,69
470,0.0,0.0,1.0,@nytimes,0.0,"The Power of Touch, Especially for Men https://t.co/ZM0Vsniy2Z",70
471,-0.296,0.199,0.663,@nytimes,0.138,"After the death of a young son, can a long road trip help a family to heal? https://t.co/PqFvd8sU6r",71
472,0.0,0.0,1.0,@nytimes,0.0,"Tens of thousands of people said goodbye and ""Merci, Johnny"" to the French rocker Johnny Hallyday in Paris https://t.co/NIAg0tdWJa",72
473,-0.5423,0.28,0.72,@nytimes,0.0,"‚ÄòS.N.L.,‚Äô Santa and James Franco Relentlessly Tackle Sexual Harassment https://t.co/kgdLeYncPO",73
474,0.0,0.0,1.0,@nytimes,0.0,"""To me, the college send-off was not a blues for Chloe. It was a celebration."" https://t.co/btkS6LZCJt",74
475,-0.5972,0.246,0.754,@nytimes,0.0,He defected from North Korea more than 3 decades ago. So why won't the South accept him? https://t.co/ojIaNT0KB1,75
476,0.7351,0.0,0.733,@nytimes,0.267,"Ruby Rose has a whole closet dedicated to skin and hair care. ""I consider this all self-care,"" she said. https://t.co/mGUBF2B6h9",76
477,0.0772,0.0,0.909,@nytimes,0.091,"Actually, you do want to know how this sausage gets made https://t.co/SDmBZBmDkJ via @NYTScience",77
478,0.4404,0.0,0.707,@nytimes,0.293,8 ways to have a better relationship in 2018 https://t.co/VlRuKBEKvC,78
479,0.0,0.0,1.0,@nytimes,0.0,An algorithm analyzed 52 million dolphin clicks. It found 7 distinct types of sounds. https://t.co/noyluyBGrH,79
480,-0.5106,0.202,0.798,@nytimes,0.0,Older Venezuelans who have migrated say that arguably the biggest hardship is starting over in their sunset years https://t.co/Z9RfqIqtuH,80
481,0.0,0.0,1.0,@nytimes,0.0,How to use an Instant Pot https://t.co/1nJIGi8N8Y https://t.co/C2Ic2vzmmg,81
482,0.0,0.0,1.0,@nytimes,0.0,Macron Steps Into Middle East Role as U.S. Retreats https://t.co/mSiyzgup8j,82
483,0.0,0.0,1.0,@nytimes,0.0,These almond cookies need just 4 ingredients https://t.co/WxR0qJfsHF,83
484,0.0,0.0,1.0,@nytimes,0.0,"It has been several generations since Haiti was a major tourist destination, but it may become one again https://t.co/JpUVdMThi8",84
485,0.8225,0.0,0.677,@nytimes,0.323,Many athletes have been told that smiling while sweating will make our efforts feel easier. But is it actually true? https://t.co/i9wPDL8lm8,85
486,0.6369,0.0,0.588,@nytimes,0.412,The best TV shows of 2017 https://t.co/b6UzsqJTb8,86
487,-0.25,0.087,0.913,@nytimes,0.0,Trump reduced the size of 2 monuments this week and plans for many others are unclear. We explored a few of those p‚Ä¶ https://t.co/lXFtPoN4kO,87
488,0.2023,0.0,0.909,@nytimes,0.091,"Here's how to get your body and mind in top shape in 2018, whatever that means for you https://t.co/xcs0zL1z12",88
489,0.6369,0.0,0.826,@nytimes,0.174,"Maybe your love of ‚ÄúStar Wars‚Äù runs deep. Maybe you're a newbie. We catch you up ahead of ""The Last Jedi.""‚Ä¶ https://t.co/tJHSnELSGV",89
490,0.0,0.0,1.0,@nytimes,0.0,26 casseroles for cold nights https://t.co/K2t598jCUP https://t.co/q5OEUXrScn,90
491,0.3818,0.0,0.867,@nytimes,0.133,"In ‚ÄúHome,‚Äù an entire house is custom built, room by room, on stage before your astonished eyes https://t.co/XpinY2NTHL",91
492,0.4939,0.0,0.849,@nytimes,0.151,Here‚Äôs how to become part of the small group of people that successfully achieve their New Year's resolution https://t.co/oBxWcJxlTM,92
493,0.8481,0.0,0.685,@nytimes,0.315,"Come what may March 4, the night of the Academy Awards, Jordan Peele can take comfort in knowing that he already won https://t.co/O4qbsj7ES8",93
494,0.34,0.0,0.888,@nytimes,0.112,Permits to hunt bighorn sheep are auctioned for hundreds of thousands of dollars. That money has helped revive shee‚Ä¶ https://t.co/ZEn0lB4s4S,94
495,-0.3818,0.12,0.88,@nytimes,0.0,"For other presidents, every day is a test of how to be a leader. For Trump, it is a battle for self-preservation. https://t.co/h9vM7JniGT",95
496,0.0,0.0,1.0,@nytimes,0.0,"Heisman Trophy Goes to Baker Mayfield, Explosive Oklahoma Quarterback https://t.co/rSRFbYIURB",96
497,0.3182,0.0,0.887,@nytimes,0.113,"Remember Emma Stone‚Äôs cringe-worthy one-woman show in ‚ÄúLa La Land‚Äù? With a wig and a wink, these guys sure do. https://t.co/oLlFzwiROf",97
498,0.0,0.0,1.0,@nytimes,0.0,Do not microwave an egg. https://t.co/yeALzNGtnc,98
499,0.0,0.0,1.0,@nytimes,0.0,"‚ÄúYou hit a patch of ice on a turn, that‚Äôs it,‚Äù said one AAA official. https://t.co/1zyynodghf",99
